Red meat and poultry production (million pounds),,,,,,,,,,,,,,,
Type 1/,Commercial 2/,,,,,,,,,,Federally inspected,,,,
,Beef 3/,Veal 3/,Pork 3/,Lamb and mutton 3/,Total red meat 3/ 4/,Beef 3/,Veal 3/,Pork 3/,Lamb and mutton 3/,Total red meat 3/ 4/,Broilers 5/,Other chicken 5/,Turkey 5/,Total poultry 4/ 5/ 6/,Total red meat and poultry 4/
Dec-2017,"2,148.4",6.6,"2,235.0",12.8,"4,402.7","2,123.0",6.4,"2,224.1",11.8,"4,365.3","3,324.8",41.2,461.1,"3,838.2","8,203.5"
Nov-2017,"2,290.6",6.4,"2,244.8",12.4,"4,554.2","2,265.8",6.3,"2,233.5",11.4,"4,517.0","3,437.3",45.4,517.2,"4,012.1","8,529.1"
Oct-2017,"2,303.0",6.4,"2,316.5",11.9,"4,637.8","2,270.1",6.2,"2,302.5",10.9,"4,589.7","3,709.5",48.3,554.2,"4,324.2","8,913.9"
Sep-2017,"2,225.6",6.1,"2,164.9",11.3,"4,407.8","2,195.0",5.9,"2,151.2",10.1,"4,362.2","3,429.9",43.7,467.9,"3,952.6","8,314.8"
Aug-2017,"2,402.1",6.4,"2,210.5",12.9,"4,631.9","2,373.7",6.2,"2,196.1",11.6,"4,587.6","3,763.6",50.7,543.1,"4,369.2","8,956.8"
Jul-2017,"2,107.9",5.7,"1,864.9",11.0,"3,989.4","2,084.2",5.5,"1,853.2",9.9,"3,952.9","3,357.6",43.1,467.5,"3,878.8","7,831.7"
Jun-2017,"2,280.3",6.3,"2,053.2",12.4,"4,352.3","2,254.6",6.2,"2,042.2",11.3,"4,314.3","3,542.5",49.2,522.2,"4,125.1","8,439.4"
May-2017,"2,163.4",6.3,"2,095.9",11.8,"4,277.5","2,135.7",6.1,"2,083.8",10.5,"4,236.2","3,647.9",45.9,523.2,"4,228.2","8,464.4"
Apr-2017,"1,963.1",5.8,"1,988.2",11.5,"3,968.7","1,936.9",5.7,"1,976.9",10.4,"3,929.9","3,216.3",39.8,436.2,"3,702.6","7,632.5"
Mar-2017,"2,249.7",6.4,"2,267.6",13.7,"4,537.5","2,220.2",6.3,"2,254.6",12.7,"4,493.8","3,582.2",45.2,530.6,"4,169.9","8,663.7"
Feb-2017,"1,933.9",5.6,"1,987.6",11.2,"3,938.3","1,906.7",5.5,"1,976.3",10.4,"3,898.9","3,153.8",40.2,458.4,"3,663.1","7,562.0"
Jan-2017,"2,119.3",6.3,"2,154.8",12.3,"4,292.7","2,089.7",6.2,"2,142.1",11.4,"4,249.5","3,496.9",42.8,498.8,"4,051.2","8,300.7"
Dec-2016,"2,173.3",6.8,"2,209.1",13.1,"4,402.3","2,146.8",6.6,"2,196.4",12.1,"4,362.0","3,311.5",42.4,478.8,"3,845.5","8,207.5"
Nov-2016,"2,240.2",6.7,"2,240.3",12.2,"4,499.4","2,215.5",6.5,"2,228.2",11.3,"4,461.5","3,336.9",44.9,514.7,"3,908.5","8,370.0"
Oct-2016,"2,211.2",6.6,"2,198.3",11.7,"4,427.7","2,180.2",6.5,"2,184.0",10.7,"4,381.3","3,417.1",44.6,517.9,"3,991.2","8,372.5"
Sep-2016,"2,181.5",6.2,"2,126.3",12.1,"4,326.1","2,153.4",6.0,"2,112.7",10.9,"4,283.0","3,454.8",47.3,496.4,"4,010.0","8,293.0"
Aug-2016,"2,265.8",6.1,"2,149.6",12.5,"4,434.1","2,238.6",5.9,"2,134.5",11.5,"4,390.5","3,637.3",53.0,539.1,"4,241.5","8,632.0"
Jul-2016,"2,024.2",5.6,"1,824.5",11.4,"3,865.8","2,002.4",5.5,"1,812.7",10.5,"3,831.1","3,246.2",43.7,479.2,"3,779.2","7,610.3"
Jun-2016,"2,193.0",6.4,"2,013.5",13.3,"4,226.2","2,168.7",6.3,"2,002.0",12.1,"4,189.1","3,484.8",49.0,535.4,"4,079.7","8,268.8"
May-2016,"2,030.2",6.0,"1,949.0",13.0,"3,998.2","2,005.7",5.8,"1,936.9",12.0,"3,960.4","3,466.4",45.0,500.0,"4,022.3","7,982.7"
Apr-2016,"1,964.0",6.0,"2,000.2",12.9,"3,983.0","1,939.8",5.9,"1,988.3",11.8,"3,945.8","3,302.1",43.8,484.8,"3,842.1","7,787.9"
Mar-2016,"2,097.3",6.4,"2,145.2",14.3,"4,263.2","2,069.5",6.2,"2,131.8",13.2,"4,220.8","3,525.8",49.6,503.9,"4,091.7","8,312.5"
Feb-2016,"1,886.0",6.1,"2,000.9",12.5,"3,905.5","1,859.7",6.0,"1,988.7",11.6,"3,866.0","3,256.7",43.3,454.6,"3,765.8","7,631.8"
Jan-2016,"1,954.2",6.7,"2,084.2",11.2,"4,056.2","1,927.7",6.6,"2,072.7",10.3,"4,017.3","3,256.8",41.8,476.5,"3,786.9","7,804.2"
Dec-2015,"2,046.3",7.8,"2,207.2",13.2,"4,274.5","2,020.5",7.7,"2,194.5",12.3,"4,234.9","3,334.5",44.2,461.2,"3,852.9","8,087.8"
Nov-2015,"1,936.1",7.1,"2,080.8",11.8,"4,035.7","1,911.2",6.9,"2,068.9",10.9,"3,997.9","3,135.4",38.8,470.7,"3,656.3","7,654.2"
Oct-2015,"2,126.3",7.2,"2,169.2",11.9,"4,314.6","2,096.5",7.1,"2,155.5",10.9,"4,270.0","3,466.8",47.6,525.9,"4,052.4","8,322.4"
Sep-2015,"2,086.6",6.8,"2,035.9",12.3,"4,141.7","2,060.2",6.7,"2,022.1",11.0,"4,100.1","3,486.3",45.6,452.3,"3,995.9","8,096.0"
Aug-2015,"1,934.9",6.5,"1,949.1",11.7,"3,902.2","1,911.0",6.3,"1,935.8",10.6,"3,863.8","3,417.5",42.9,450.3,"3,921.5","7,785.3"
Jul-2015,"2,046.8",6.9,"1,972.9",12.9,"4,039.5","2,023.4",6.8,"1,960.5",11.8,"4,002.5","3,468.7",44.6,448.5,"3,973.4","7,975.9"
Jun-2015,"2,001.6",7.0,"1,995.9",13.5,"4,018.0","1,977.6",6.9,"1,984.5",12.3,"3,981.4","3,428.4",45.6,458.3,"3,944.0","7,925.4"
May-2015,"1,925.5",6.6,"1,861.9",11.9,"3,806.0","1,902.6",6.5,"1,851.3",11.1,"3,771.4","3,246.5",40.4,434.0,"3,731.8","7,503.2"
Apr-2015,"1,928.8",6.6,"2,066.9",13.7,"4,016.0","1,903.9",6.5,"2,055.0",12.8,"3,978.1","3,346.3",46.4,496.6,"3,901.6","7,879.7"
Mar-2015,"1,933.3",6.9,"2,111.8",14.3,"4,066.3","1,907.2",6.8,"2,099.1",13.5,"4,026.6","3,389.0",43.9,501.9,"3,947.1","7,973.7"
Feb-2015,"1,768.1",6.3,"1,945.2",11.5,"3,731.1","1,744.6",6.2,"1,934.6",10.8,"3,696.2","3,000.8",41.2,434.5,"3,486.9","7,183.1"
Jan-2015,"1,963.5",6.8,"2,104.5",11.7,"4,086.5","1,936.2",6.7,"2,093.5",11.0,"4,047.5","3,328.1",41.4,492.3,"3,873.6","7,921.1"
Dec-2014,"2,000.2",7.7,"2,114.3",13.4,"4,135.5","1,973.4",7.5,"2,103.1",12.6,"4,096.6","3,348.5",44.3,474.9,"3,880.5","7,977.1"
Nov-2014,"1,849.5",6.5,"1,890.2",11.5,"3,757.7","1,825.4",6.3,"1,880.4",10.6,"3,722.8","2,939.9",36.1,480.8,"3,467.3","7,190.1"
Oct-2014,"2,171.1",7.8,"2,126.4",13.4,"4,318.6","2,138.6",7.6,"2,113.7",12.3,"4,272.1","3,525.2",47.4,561.6,"4,146.8","8,418.9"
Sep-2014,"2,068.4",7.2,"1,871.9",12.3,"3,959.9","2,041.0",7.1,"1,860.0",11.3,"3,919.3","3,306.6",45.1,493.5,"3,856.3","7,775.6"
Aug-2014,"2,023.5",7.1,"1,752.2",11.7,"3,794.5","1,999.0",6.9,"1,740.2",10.6,"3,756.7","3,197.6",45.9,483.8,"3,737.9","7,494.6"
Jul-2014,"2,087.4",7.8,"1,799.8",13.9,"3,908.9","2,060.8",7.7,"1,788.3",12.8,"3,869.5","3,331.1",44.2,500.4,"3,887.2","7,756.7"
Jun-2014,"2,069.0",7.6,"1,734.0",13.4,"3,823.9","2,044.1",7.4,"1,723.9",12.4,"3,787.9","3,205.6",43.5,486.0,"3,745.4","7,533.3"
May-2014,"2,071.7",7.8,"1,859.1",13.9,"3,952.4","2,046.8",7.6,"1,849.0",13.0,"3,916.5","3,201.2",45.9,471.0,"3,729.0","7,645.5"
Apr-2014,"2,043.1",8.4,"1,911.0",15.2,"3,977.7","2,017.5",8.3,"1,899.4",14.3,"3,939.4","3,210.9",44.4,471.2,"3,738.0","7,677.4"
Mar-2014,"1,937.0",8.7,"1,854.4",13.2,"3,813.3","1,911.9",8.6,"1,843.7",12.6,"3,776.7","3,098.6",41.5,457.1,"3,607.3","7,384.0"
Feb-2014,"1,788.4",8.2,"1,844.2",11.6,"3,652.3","1,762.2",8.0,"1,833.7",10.9,"3,614.9","3,015.0",39.7,421.4,"3,486.2","7,101.1"
Jan-2014,"2,140.9",9.3,"2,085.7",12.4,"4,248.3","2,111.5",9.2,"2,074.3",11.7,"4,206.7","3,185.1",43.2,454.0,"3,693.1","7,899.8"
Dec-2013,"2,047.3",9.8,"2,065.4",13.0,"4,135.6","2,019.1",9.7,"2,053.9",12.3,"4,095.0","3,093.3",40.1,423.0,"3,568.1","7,663.1"
Nov-2013,"2,057.6",9.1,"2,039.9",11.8,"4,118.4","2,030.9",8.9,"2,028.9",11.1,"4,079.8","2,968.3",35.9,479.3,"3,493.0","7,572.8"
Oct-2013,"2,318.2",9.9,"2,169.0",13.1,"4,510.2","2,283.8",9.7,"2,154.7",11.9,"4,460.1","3,475.3",46.8,518.1,"4,051.8","8,511.9"
Sep-2013,"2,073.8",8.6,"1,842.9",11.7,"3,937.0","2,047.1",8.4,"1,830.1",10.8,"3,896.4","3,108.0",44.7,440.6,"3,603.2","7,499.6"
Aug-2013,"2,241.2",9.0,"1,938.4",13.8,"4,202.4","2,215.6",8.8,"1,924.1",12.8,"4,161.3","3,296.2",50.3,485.0,"3,841.6","8,002.9"
Jul-2013,"2,294.1",9.6,"1,840.3",14.2,"4,158.2","2,268.3",9.4,"1,827.1",13.1,"4,117.8","3,278.9",47.1,514.5,"3,850.9","7,968.7"
Jun-2013,"2,157.0",8.4,"1,676.3",12.7,"3,854.5","2,132.2",8.3,"1,665.1",12.0,"3,817.5","3,002.0",42.9,473.4,"3,527.6","7,345.1"
May-2013,"2,227.6",9.1,"1,898.9",14.5,"4,150.0","2,201.5",8.9,"1,887.8",13.4,"4,111.6","3,270.1",46.2,508.0,"3,834.3","7,945.9"
Apr-2013,"2,128.6",9.1,"1,940.8",13.4,"4,091.9","2,101.1",8.9,"1,928.9",12.5,"4,051.4","3,194.1",45.5,504.6,"3,754.8","7,806.2"
Mar-2013,"2,039.8",9.2,"1,932.0",13.8,"3,994.9","2,012.3",9.0,"1,920.4",13.1,"3,954.7","2,999.2",38.0,472.7,"3,520.1","7,474.8"
Feb-2013,"1,873.4",9.0,"1,778.4",11.5,"3,672.4","1,845.0",8.8,"1,766.7",10.9,"3,631.3","2,877.6",39.2,461.7,"3,388.3","7,019.6"
Jan-2013,"2,261.3",10.5,"2,064.9",12.4,"4,349.0","2,227.9",10.2,"2,052.1",11.7,"4,302.0","3,267.1",46.6,524.6,"3,849.0","8,151.0"
Dec-2012,"2,020.1",9.8,"1,954.2",12.8,"3,997.0","1,992.3",9.6,"1,940.5",11.9,"3,954.4","2,853.7",36.3,441.5,"3,342.1","7,296.5"
Nov-2012,"2,207.5",10.1,"2,079.2",12.5,"4,309.2","2,178.8",9.8,"2,065.1",11.6,"4,265.3","3,008.5",37.7,515.3,"3,571.8","7,837.1"
Oct-2012,"2,344.8",10.3,"2,210.7",14.3,"4,580.1","2,307.6",10.0,"2,194.9",13.3,"4,525.8","3,335.5",43.8,579.9,"3,970.4","8,496.2"
Sep-2012,"2,015.5",8.8,"1,911.2",12.5,"3,948.1","1,986.1",8.6,"1,896.9",11.8,"3,903.4","2,927.1",43.7,453.1,"3,433.0","7,336.4"
Aug-2012,"2,368.6",10.1,"1,998.1",14.2,"4,391.1","2,338.6",9.9,"1,983.0",13.4,"4,344.8","3,317.5",51.0,530.1,"3,909.1","8,253.9"
Jul-2012,"2,201.4",9.5,"1,721.9",12.5,"3,945.2","2,176.8",9.2,"1,708.7",11.8,"3,906.5","3,127.0",43.4,497.2,"3,676.7","7,583.2"
Jun-2012,"2,250.7",8.9,"1,750.5",12.4,"4,022.5","2,225.8",8.7,"1,738.5",11.8,"3,984.9","3,105.3",49.2,506.6,"3,670.9","7,655.8"
May-2012,"2,231.9",10.4,"1,926.8",13.6,"4,182.7","2,206.4",10.1,"1,913.9",12.9,"4,143.3","3,281.8",47.7,519.9,"3,860.0","8,003.3"
Apr-2012,"1,990.6",9.9,"1,841.9",12.9,"3,855.2","1,964.0",9.6,"1,829.2",12.2,"3,815.0","2,993.8",41.6,478.0,"3,523.4","7,338.4"
Mar-2012,"2,159.5",10.0,"1,987.7",14.2,"4,171.4","2,133.3",9.7,"1,975.1",13.6,"4,131.8","3,043.8",40.1,502.1,"3,596.1","7,727.9"
Feb-2012,"2,008.9",9.8,"1,883.0",12.3,"3,914.1","1,981.2",9.6,"1,870.1",11.8,"3,872.7","2,953.6",38.8,466.8,"3,469.2","7,341.9"
Jan-2012,"2,113.1",10.4,"1,987.3",12.1,"4,123.0","2,081.7",10.2,"1,974.1",11.6,"4,077.6","3,091.8",43.2,476.7,"3,622.3","7,699.9"
Dec-2011,"2,126.3",10.8,"2,065.6",12.5,"4,215.1","2,096.4",10.5,"2,052.6",11.8,"4,171.3","2,857.5",41.4,458.9,"3,368.9","7,540.2"
Nov-2011,"2,148.8",10.8,"2,086.7",12.6,"4,258.9","2,119.8",10.5,"2,073.6",11.8,"4,215.8","2,907.1",39.8,511.4,"3,468.9","7,684.7"
Oct-2011,"2,215.1",10.6,"2,033.2",11.7,"4,270.6","2,181.2",10.3,"2,018.8",11.0,"4,221.3","3,096.8",43.4,524.5,"3,675.8","7,897.1"
Sep-2011,"2,215.2",10.7,"1,954.4",11.8,"4,192.1","2,185.7",10.4,"1,939.2",11.1,"4,146.4","3,180.4",47.0,473.2,"3,710.8","7,857.2"
Aug-2011,"2,386.9",11.4,"1,892.1",13.1,"4,303.4","2,358.1",11.1,"1,876.2",12.3,"4,257.8","3,330.3",49.9,501.3,"3,892.1","8,149.9"
Jul-2011,"2,134.1",10.1,"1,637.1",10.9,"3,792.3","2,110.6",9.9,"1,625.3",10.2,"3,755.9","3,030.9",46.2,448.1,"3,533.8","7,289.7"
Jun-2011,"2,375.0",11.2,"1,820.0",12.6,"4,218.8","2,347.1",11.0,"1,807.1",11.8,"4,177.0","3,284.6",49.3,519.3,"3,863.5","8,040.5"
May-2011,"2,131.9",10.3,"1,759.7",12.9,"3,914.8","2,105.4",10.0,"1,747.3",12.3,"3,875.0","3,251.1",42.9,496.4,"3,800.7","7,675.7"
Apr-2011,"2,052.5",10.2,"1,790.7",14.4,"3,867.8","2,026.1",10.0,"1,778.6",13.7,"3,828.4","2,973.5",40.3,455.6,"3,479.2","7,307.6"
Mar-2011,"2,266.2",12.1,"2,054.4",14.1,"4,346.7","2,236.7",11.8,"2,040.1",13.6,"4,302.2","3,310.4",44.1,503.1,"3,868.2","8,170.4"
Feb-2011,"2,020.4",10.5,"1,768.1",10.9,"3,810.0","1,994.1",10.2,"1,756.1",10.5,"3,771.0","2,852.4",37.4,435.6,"3,334.6","7,105.6"
Jan-2011,"2,122.9",10.8,"1,896.2",11.2,"4,041.1","2,093.1",10.5,"1,884.2",10.7,"3,998.5","3,127.5",39.8,463.0,"3,640.7","7,639.2"
Dec-2010,"2,270.9",11.7,"2,055.4",14.9,"4,352.9","2,240.2",11.4,"2,041.1",14.0,"4,306.7","3,175.0",44.1,461.4,"3,691.5","7,998.2"
Nov-2010,"2,235.5",11.3,"2,068.0",14.4,"4,329.3","2,206.5",11.0,"2,055.0",13.5,"4,286.1","3,124.4",40.3,520.5,"3,695.6","7,981.7"
Oct-2010,"2,234.9",11.4,"2,002.7",13.1,"4,262.1","2,201.3",11.0,"1,988.8",12.3,"4,213.5","3,183.7",41.0,524.3,"3,759.6","7,973.1"
Sep-2010,"2,252.2",11.3,"1,883.5",13.1,"4,160.0","2,222.1",11.0,"1,867.8",12.1,"4,113.0","3,238.3",45.6,467.1,"3,762.0","7,875.0"
Aug-2010,"2,286.6",11.2,"1,815.3",12.8,"4,126.0","2,258.5",10.9,"1,800.9",11.9,"4,082.2","3,200.0",47.5,481.1,"3,738.8","7,821.0"
Jul-2010,"2,229.6",10.9,"1,702.2",12.8,"3,955.6","2,204.3",10.7,"1,689.8",11.9,"3,916.7","3,057.7",44.9,466.9,"3,579.1","7,495.8"
Jun-2010,"2,320.0",10.7,"1,831.7",14.1,"4,176.6","2,290.8",10.4,"1,818.7",13.3,"4,133.3","3,139.7",43.7,489.5,"3,682.8","7,816.1"
May-2010,"2,087.2",10.1,"1,621.3",12.6,"3,731.2","2,060.7",9.8,"1,608.7",11.8,"3,691.0","3,020.0",40.2,438.8,"3,508.2","7,199.2"
Apr-2010,"2,139.2",11.1,"1,849.1",12.9,"4,012.4","2,110.8",10.8,"1,835.9",12.3,"3,969.7","3,038.3",40.7,455.1,"3,543.9","7,513.6"
Mar-2010,"2,211.2",12.2,"2,040.1",17.7,"4,281.1","2,180.7",11.9,"2,025.1",17.0,"4,234.8","3,162.0",43.4,490.0,"3,705.3","7,940.1"
Feb-2010,"1,955.2",10.7,"1,757.5",12.4,"3,735.8","1,927.2",10.5,"1,745.0",11.9,"3,694.5","2,739.5",34.7,425.4,"3,208.5","6,903.0"
Jan-2010,"2,081.8",11.6,"1,809.7",12.8,"3,916.0","2,051.1",11.3,"1,797.8",12.2,"3,872.4","2,831.2",37.8,424.2,"3,302.1","7,174.5"
Dec-2009,"2,134.4",13.1,"1,985.3",15.9,"4,148.7","2,102.5",12.8,"1,969.6",15.0,"4,099.9","2,966.2",38.4,456.3,"3,471.3","7,571.2"
Nov-2009,"2,016.1",11.7,"1,921.7",14.3,"3,963.9","1,988.1",11.5,"1,908.4",13.5,"3,921.4","2,788.8",34.1,477.5,"3,309.8","7,231.2"
Oct-2009,"2,275.7",12.2,"2,089.0",14.3,"4,391.2","2,239.2",11.9,"2,073.6",13.4,"4,338.2","3,071.9",44.6,508.3,"3,634.9","7,973.1"
Sep-2009,"2,234.1",11.7,"2,002.1",14.8,"4,262.7","2,202.4",11.4,"1,986.4",13.9,"4,214.2","3,064.3",43.1,467.9,"3,585.4","7,799.6"
Aug-2009,"2,184.2",10.6,"1,868.9",13.3,"4,077.0","2,155.4",10.3,"1,853.5",12.6,"4,031.8","3,012.1",44.8,463.4,"3,529.2","7,561.0"
Jul-2009,"2,271.2",10.9,"1,828.5",13.9,"4,124.5","2,243.3",10.6,"1,814.1",13.1,"4,081.0","3,095.5",47.7,485.6,"3,638.2","7,719.2"
Jun-2009,"2,289.0",11.5,"1,847.7",13.8,"4,162.1","2,260.1",11.2,"1,834.2",12.9,"4,118.4","3,050.6",45.1,493.7,"3,598.8","7,717.2"
May-2009,"2,179.4",10.3,"1,716.8",13.0,"3,919.5","2,151.3",10.0,"1,704.6",12.3,"3,878.1","2,890.4",40.6,451.0,"3,390.9","7,269.0"
Apr-2009,"2,133.4",11.2,"1,925.0",15.5,"4,085.0","2,102.1",11.0,"1,910.8",14.7,"4,038.6","2,997.7",43.8,475.0,"3,525.7","7,564.3"
Mar-2009,"2,144.0",12.2,"1,969.7",15.9,"4,141.9","2,112.6",12.0,"1,955.2",15.3,"4,095.1","2,997.0",42.5,471.4,"3,520.5","7,615.6"
Feb-2009,"1,986.0",11.0,"1,817.3",12.7,"3,827.0","1,954.5",10.8,"1,803.5",12.2,"3,780.9","2,704.3",37.1,444.1,"3,193.6","6,974.5"
Jan-2009,"2,117.9",12.0,"2,027.0",13.3,"4,170.1","2,086.4",11.7,"2,012.9",12.8,"4,123.8","2,871.6",38.3,469.2,"3,388.4","7,512.2"
Dec-2008,"2,082.0",13.3,"2,052.1",15.4,"4,162.9","2,051.3",13.0,"2,036.8",14.5,"4,115.6","2,931.5",39.8,492.1,"3,474.1","7,589.7"
Nov-2008,"1,959.3",11.3,"1,886.1",12.8,"3,869.5","1,933.1",11.0,"1,873.7",12.2,"3,830.0","2,662.7",38.6,508.5,"3,218.7","7,048.7"
Oct-2008,"2,340.9",13.5,"2,159.9",15.0,"4,529.3","2,305.4",13.2,"2,144.1",14.2,"4,476.9","3,270.6",50.6,581.8,"3,913.7","8,390.6"
Sep-2008,"2,269.9",12.8,"1,975.8",14.5,"4,272.9","2,239.0",12.5,"1,960.1",13.6,"4,225.2","3,149.7",49.0,515.4,"3,724.7","7,949.9"
Aug-2008,"2,266.8",11.2,"1,803.9",13.3,"4,095.2","2,238.8",11.0,"1,787.9",12.5,"4,050.2","3,080.5",47.9,506.9,"3,644.5","7,694.7"
Jul-2008,"2,371.6",12.3,"1,852.5",13.7,"4,250.1","2,341.9",12.1,"1,837.4",13.0,"4,204.3","3,226.7",51.1,546.0,"3,833.7","8,038.0"
Jun-2008,"2,263.4",11.7,"1,761.8",13.1,"4,050.0","2,234.2",11.5,"1,747.9",12.5,"4,006.2","3,077.3",49.8,522.0,"3,658.1","7,664.3"
May-2008,"2,380.1",11.5,"1,815.5",15.0,"4,222.0","2,351.2",11.2,"1,801.7",14.4,"4,178.6","3,165.4",50.0,518.9,"3,743.5","7,922.1"
Apr-2008,"2,255.4",11.9,"2,015.6",15.3,"4,298.2","2,224.5",11.7,"2,000.5",14.6,"4,251.3","3,196.6",48.0,519.2,"3,773.9","8,025.2"
Mar-2008,"2,100.5",11.3,"1,962.0",16.0,"4,089.8","2,071.4",11.1,"1,947.7",15.4,"4,045.6","2,981.6",45.1,487.0,"3,523.7","7,569.3"
Feb-2008,"2,038.6",11.0,"1,902.7",15.0,"3,967.4","2,009.6",10.8,"1,888.5",14.5,"3,923.3","2,926.5",43.7,502.8,"3,482.9","7,406.2"
Jan-2008,"2,232.7",11.3,"2,159.0",14.7,"4,417.7","2,199.4",11.0,"2,143.5",14.2,"4,368.1","3,237.2",45.7,546.4,"3,840.0","8,208.1"
Dec-2007,"2,061.4",10.4,"1,972.7",15.4,"4,059.9","2,032.7",10.2,"1,957.4",14.5,"4,014.8","2,901.4",38.1,460.8,"3,411.3","7,426.1"
Nov-2007,"2,228.8",10.1,"2,045.2",16.1,"4,300.2","2,201.5",9.7,"2,030.7",15.4,"4,257.4","3,033.2",41.0,526.0,"3,611.6","7,869.0"
Oct-2007,"2,443.0",11.1,"2,145.1",16.4,"4,615.6","2,407.3",10.7,"2,127.9",15.5,"4,561.4","3,383.8",47.6,585.1,"4,028.4","8,589.8"
Sep-2007,"2,094.7",9.4,"1,746.0",13.6,"3,863.6","2,066.7",9.1,"1,731.1",12.9,"3,819.7","2,894.7",35.8,460.2,"3,400.4","7,220.1"
Aug-2007,"2,450.6",10.3,"1,850.0",14.8,"4,325.7","2,421.6",10.1,"1,833.6",13.9,"4,279.2","3,181.2",47.4,522.2,"3,762.3","8,041.5"
Jul-2007,"2,256.7",10.7,"1,659.5",13.5,"3,940.4","2,228.6",10.5,"1,644.9",12.8,"3,896.8","3,055.0",44.6,505.2,"3,616.0","7,512.8"
Jun-2007,"2,348.5",11.2,"1,654.1",13.7,"4,027.5","2,321.8",11.0,"1,641.2",13.1,"3,987.1","3,027.0",45.0,507.2,"3,589.9","7,577.0"
May-2007,"2,285.1",12.3,"1,762.6",15.5,"4,075.5","2,257.2",12.1,"1,749.3",14.9,"4,033.5","3,171.8",44.8,511.2,"3,739.2","7,772.7"
Apr-2007,"2,015.0",11.9,"1,711.5",15.0,"3,753.4","1,988.1",11.6,"1,698.0",14.3,"3,712.0","2,885.4",38.6,463.1,"3,398.2","7,110.2"
Mar-2007,"2,118.2",13.5,"1,861.0",19.6,"4,012.4","2,088.5",13.3,"1,846.5",19.0,"3,967.3","2,927.8",39.5,481.9,"3,460.6","7,427.9"
Feb-2007,"1,952.5",12.1,"1,636.3",14.4,"3,615.4","1,924.2",11.9,"1,623.2",13.9,"3,573.2","2,667.9",36.3,445.3,"3,160.0","6,733.2"
Jan-2007,"2,166.0",14.3,"1,898.5",15.0,"4,093.8","2,131.7",14.0,"1,884.3",14.5,"4,044.6","3,029.8",39.5,482.4,"3,563.9","7,608.5"
Dec-2006,"2,049.6",13.1,"1,796.4",15.4,"3,874.5","2,019.4",12.9,"1,780.5",14.7,"3,827.5","2,737.8",36.9,429.1,"3,215.5","7,043.0"
Nov-2006,"2,226.6",12.9,"1,896.4",15.4,"4,151.4","2,197.7",12.7,"1,880.9",14.8,"4,106.1","2,912.3",40.6,506.0,"3,470.3","7,576.4"
Oct-2006,"2,236.4",13.2,"1,932.0",15.7,"4,197.2","2,200.4",12.9,"1,916.4",14.9,"4,144.7","3,185.1",44.0,540.9,"3,781.8","7,926.5"
Sep-2006,"2,169.9",12.1,"1,753.7",14.3,"3,949.9","2,140.1",11.8,"1,737.8",13.5,"3,903.3","2,900.6",39.7,461.4,"3,413.2","7,316.5"
Aug-2006,"2,450.0",12.8,"1,780.2",14.6,"4,257.6","2,419.9",12.6,"1,762.8",13.9,"4,209.2","3,133.9",46.3,501.0,"3,692.3","7,901.5"
Jul-2006,"2,213.6",11.2,"1,552.6",13.2,"3,790.6","2,187.9",11.0,"1,540.1",12.6,"3,751.6","2,836.0",39.2,456.9,"3,342.4","7,094.0"
Jun-2006,"2,446.1",12.4,"1,663.3",14.4,"4,136.2","2,417.7",12.2,"1,649.2",13.8,"4,092.9","3,046.9",46.3,509.0,"3,613.7","7,706.6"
May-2006,"2,309.0",12.7,"1,726.0",16.1,"4,063.8","2,278.9",12.5,"1,711.7",15.6,"4,018.6","3,158.6",45.4,493.8,"3,710.2","7,728.8"
Apr-2006,"1,969.2",10.4,"1,618.3",16.9,"3,614.8","1,941.3",10.1,"1,605.5",16.2,"3,573.2","2,774.4",40.5,432.6,"3,258.8","6,832.0"
Mar-2006,"2,203.7",12.7,"1,877.5",18.3,"4,112.1","2,172.3",12.4,"1,862.2",17.7,"4,064.6","3,098.5",45.3,490.5,"3,646.6","7,711.2"
Feb-2006,"1,826.9",11.3,"1,637.0",14.7,"3,489.9","1,797.9",11.1,"1,623.6",14.1,"3,446.7","2,713.9",37.3,412.5,"3,174.2","6,620.9"
Jan-2006,"2,051.0",11.8,"1,820.5",16.3,"3,899.6","2,018.1",11.5,"1,806.5",15.4,"3,851.6","3,001.6",43.1,447.9,"3,504.0","7,355.6"
Dec-2005,"2,057.3",13.5,"1,866.3",16.5,"3,953.6","2,027.0",13.1,"1,850.3",15.9,"3,906.3","2,916.8",41.6,437.7,"3,408.6","7,314.9"
Nov-2005,"2,071.3",12.4,"1,843.2",15.8,"3,942.7","2,042.7",12.1,"1,826.9",15.2,"3,896.9","2,942.2",40.2,482.8,"3,477.9","7,374.8"
Oct-2005,"2,080.7",12.6,"1,816.2",15.8,"3,925.1","2,046.4",12.0,"1,800.9",15.1,"3,874.4","3,044.7",41.6,484.3,"3,583.1","7,457.5"
Sep-2005,"2,158.0",13.2,"1,743.0",15.6,"3,929.8","2,127.4",13.0,"1,727.6",15.0,"3,882.9","3,011.1",42.2,454.5,"3,520.2","7,403.1"
Aug-2005,"2,319.0",13.7,"1,752.3",15.4,"4,100.4","2,289.4",13.4,"1,734.4",14.6,"4,051.9","3,113.3",47.2,488.4,"3,660.8","7,712.7"
Jul-2005,"2,082.8",12.4,"1,505.0",13.4,"3,613.6","2,056.6",12.1,"1,491.9",12.8,"3,573.3","2,814.3",42.0,432.0,"3,298.8","6,872.1"
Jun-2005,"2,227.0",13.2,"1,706.5",15.3,"3,962.0","2,199.0",12.9,"1,692.9",14.6,"3,919.3","3,055.4",48.1,490.0,"3,605.0","7,524.3"
May-2005,"2,074.0",13.2,"1,611.4",14.8,"3,713.5","2,046.7",12.9,"1,595.7",14.3,"3,669.6","3,023.2",45.1,461.0,"3,540.8","7,210.4"
Apr-2005,"1,887.8",13.0,"1,703.4",15.5,"3,619.7","1,860.3",12.6,"1,690.6",14.9,"3,578.4","2,855.4",44.4,446.0,"3,356.5","6,934.9"
Mar-2005,"2,041.7",13.3,"1,803.7",19.5,"3,878.1","2,010.3",12.9,"1,787.7",18.8,"3,829.8","3,036.4",46.5,463.1,"3,557.9","7,387.7"
Feb-2005,"1,767.4",12.0,"1,629.2",15.1,"3,423.8","1,739.0",11.7,"1,616.0",14.6,"3,381.4","2,667.9",38.8,409.2,"3,125.8","6,507.2"
Jan-2005,"1,915.6",13.3,"1,704.8",14.5,"3,648.2","1,883.6",13.0,"1,691.5",13.7,"3,601.8","2,884.1",38.7,455.3,"3,389.5","6,991.3"
Dec-2004,"2,042.0",14.9,"1,857.0",17.0,"3,930.4","2,012.0",14.5,"1,840.0",16.2,"3,882.0","2,836.9",42.5,440.0,"3,331.1","7,213.1"
Nov-2004,"1,941.0",13.8,"1,799.0",16.5,"3,770.1","1,909.0",13.3,"1,784.0",15.8,"3,722.0","2,796.9",40.6,483.2,"3,331.5","7,053.5"
Oct-2004,"2,114.0",12.4,"1,779.0",16.3,"3,921.1","2,081.0",11.9,"1,764.0",15.5,"3,872.0","2,903.6",43.7,466.2,"3,424.6","7,296.6"
Sep-2004,"2,105.0",12.9,"1,772.0",16.3,"3,906.3","2,075.0",12.5,"1,755.0",15.6,"3,857.0","2,974.1",46.5,458.5,"3,490.7","7,347.7"
Aug-2004,"2,151.0",14.0,"1,699.0",15.2,"3,879.6","2,122.0",13.6,"1,681.0",14.4,"3,831.0","2,989.5",45.7,469.6,"3,515.8","7,346.8"
Jul-2004,"2,104.0",13.3,"1,576.0",14.2,"3,707.9","2,077.0",12.9,"1,562.0",13.5,"3,666.0","2,875.8",43.5,462.0,"3,391.9","7,057.9"
Jun-2004,"2,227.0",13.3,"1,672.0",15.6,"3,927.6","2,198.0",12.9,"1,657.0",14.9,"3,883.0","2,906.4",43.7,467.5,"3,428.6","7,311.6"
May-2004,"2,070.0",13.7,"1,500.0",13.1,"3,596.9","2,043.0",13.4,"1,486.0",12.3,"3,555.0","2,771.4",39.2,449.1,"3,270.1","6,825.1"
Apr-2004,"1,956.0",13.9,"1,725.0",17.5,"3,712.8","1,929.0",13.5,"1,711.0",16.5,"3,669.0","2,814.2",42.2,449.2,"3,316.9","6,985.9"
Mar-2004,"2,108.0",14.1,"1,801.0",22.2,"3,945.0","2,076.0",13.6,"1,785.0",21.5,"3,895.0","2,903.2",45.1,470.9,"3,431.0","7,326.0"
Feb-2004,"1,804.0",14.5,"1,571.0",14.8,"3,404.8","1,775.0",14.1,"1,557.0",14.1,"3,360.0","2,467.8",32.3,398.0,"2,908.4","6,268.4"
Jan-2004,"1,926.0",16.0,"1,758.0",15.5,"3,715.5","1,894.0",15.6,"1,743.0",14.8,"3,668.0","2,823.6",39.2,440.0,"3,314.4","6,982.4"
Dec-2003,"1,978.0",19.0,"1,869.0",18.0,"3,884.0","1,948.0",18.5,"1,851.0",17.2,"3,835.0","2,763.6",39.1,439.4,"3,254.0","7,089.0"
Nov-2003,"1,783.0",15.2,"1,718.0",16.3,"3,532.7","1,755.0",14.7,"1,703.0",15.6,"3,488.0","2,423.9",33.9,455.5,"2,923.7","6,411.7"
Oct-2003,"2,212.0",16.3,"1,912.0",17.9,"4,158.3","2,178.0",15.7,"1,894.0",17.2,"4,105.0","3,052.8",43.7,528.4,"3,638.1","7,743.1"
Sep-2003,"2,314.0",15.3,"1,668.0",16.9,"4,014.3","2,285.0",14.7,"1,650.0",16.1,"3,966.0","2,817.2",40.2,459.6,"3,328.4","7,294.4"
Aug-2003,"2,328.0",14.1,"1,559.0",15.7,"3,916.7","2,300.0",13.7,"1,541.0",14.9,"3,870.0","2,742.3",41.4,455.6,"3,248.9","7,118.9"
Jul-2003,"2,439.0",14.8,"1,580.0",15.7,"4,050.1","2,411.0",14.3,"1,562.0",14.9,"4,003.0","2,888.1",46.5,493.5,"3,437.7","7,440.7"
Jun-2003,"2,391.0",15.0,"1,531.0",15.2,"3,952.3","2,364.0",14.5,"1,515.0",14.5,"3,908.0","2,759.8",44.5,482.5,"3,295.9","7,203.9"
May-2003,"2,360.0",15.8,"1,551.0",15.2,"3,942.4","2,332.0",15.3,"1,535.0",14.5,"3,896.0","2,781.2",44.0,481.7,"3,316.9","7,212.9"
Apr-2003,"2,151.0",16.0,"1,659.0",19.5,"3,845.8","2,121.0",15.5,"1,642.0",18.6,"3,797.0","2,733.6",43.5,474.4,"3,261.9","7,058.9"
Mar-2003,"2,048.0",16.5,"1,623.0",18.1,"3,706.1","2,018.0",16.0,"1,606.0",17.6,"3,657.0","2,592.4",41.1,468.5,"3,111.4","6,768.4"
Feb-2003,"1,942.0",15.8,"1,523.0",15.1,"3,496.1","1,912.0",15.3,"1,506.0",14.3,"3,448.0","2,419.5",39.5,431.4,"2,900.0","6,348.0"
Jan-2003,"2,291.0",17.8,"1,752.0",16.0,"4,077.3","2,256.0",17.3,"1,734.0",15.4,"4,023.0","2,774.6",45.2,479.8,"3,310.6","7,333.6"
Dec-2002,"2,107.0",18.0,"1,715.0",18.5,"3,858.2","2,075.0",17.4,"1,694.0",17.8,"3,804.0","2,527.4",42.2,463.4,"3,043.6","6,847.6"
Nov-2002,"2,164.0",16.9,"1,709.0",17.8,"3,907.1","2,134.0",16.3,"1,691.0",17.1,"3,859.0","2,455.5",40.9,492.3,"2,998.0","6,857.0"
Oct-2002,"2,512.0",18.7,"1,831.0",19.7,"4,382.1","2,474.0",18.0,"1,810.0",18.8,"4,321.0","2,953.3",50.7,525.9,"3,541.5","7,862.5"
Sep-2002,"2,201.0",16.3,"1,638.0",17.6,"3,873.2","2,170.0",15.7,"1,617.0",16.8,"3,820.0","2,596.4",46.4,444.6,"3,098.3","6,918.3"
Aug-2002,"2,469.0",16.7,"1,637.0",16.6,"4,139.6","2,438.0",16.2,"1,617.0",15.7,"4,087.0","2,828.3",49.2,481.9,"3,369.4","7,456.4"
Jul-2002,"2,427.0",16.7,"1,557.0",16.3,"4,016.5","2,398.0",16.2,"1,538.0",15.4,"3,967.0","2,826.5",48.3,485.6,"3,370.0","7,337.0"
Jun-2002,"2,302.0",14.6,"1,479.0",15.1,"3,810.8","2,274.0",14.1,"1,461.0",14.4,"3,764.0","2,587.1",44.0,452.9,"3,092.8","6,856.8"
May-2002,"2,336.0",15.5,"1,646.0",19.5,"4,017.3","2,306.0",15.0,"1,628.0",18.6,"3,968.0","2,894.9",46.5,496.8,"3,449.4","7,417.4"
Apr-2002,"2,195.0",16.1,"1,672.0",19.1,"3,901.8","2,164.0",15.6,"1,654.0",18.4,"3,852.0","2,751.8",47.3,491.3,"3,300.5","7,152.5"
Mar-2002,"2,059.0",15.0,"1,581.0",22.2,"3,677.7","2,028.0",14.6,"1,563.0",21.6,"3,627.0","2,585.1",42.8,447.2,"3,085.9","6,712.9"
Feb-2002,"1,987.0",14.3,"1,482.0",17.8,"3,502.1","1,956.0",13.9,"1,465.0",17.0,"3,452.0","2,453.6",40.8,448.2,"2,952.7","6,404.7"
Jan-2002,"2,331.0",16.9,"1,717.0",17.7,"4,082.5","2,296.0",16.4,"1,698.0",17.1,"4,027.0","2,779.9",48.0,482.7,"3,322.0","7,349.0"
Dec-2001,"2,110.0",16.0,"1,668.0",19.0,"3,813.6","2,078.0",15.0,"1,648.0",18.0,"3,759.0","2,464.8",40.9,419.8,"2,935.4","6,694.4"
Nov-2001,"2,201.0",16.0,"1,733.0",20.0,"3,970.1","2,171.0",16.0,"1,715.0",19.0,"3,920.0","2,500.7",39.4,493.0,"3,043.4","6,963.4"
Oct-2001,"2,389.0",18.0,"1,838.0",20.0,"4,265.1","2,353.0",17.0,"1,818.0",19.0,"4,206.0","2,897.2",47.0,541.3,"3,497.6","7,703.6"
Sep-2001,"2,121.0",15.0,"1,513.0",16.0,"3,665.7","2,090.0",14.0,"1,492.0",16.0,"3,612.0","2,438.7",40.9,429.1,"2,919.3","6,531.3"
Aug-2001,"2,425.0",17.0,"1,600.0",19.0,"4,060.5","2,396.0",17.0,"1,579.0",18.0,"4,009.0","2,850.7",46.6,494.9,"3,404.2","7,413.2"
Jul-2001,"2,177.0",16.0,"1,435.0",17.0,"3,644.7","2,150.0",15.0,"1,416.0",16.0,"3,597.0","2,592.8",42.5,470.1,"3,116.6","6,713.6"
Jun-2001,"2,269.0",16.0,"1,458.0",16.0,"3,758.7","2,241.0",15.0,"1,439.0",16.0,"3,711.0","2,636.6",44.0,463.9,"3,155.5","6,866.5"
May-2001,"2,294.0",16.0,"1,555.0",17.0,"3,881.7","2,265.0",15.0,"1,535.0",16.0,"3,832.0","2,835.6",45.6,488.3,"3,381.3","7,213.3"
Apr-2001,"1,939.0",15.0,"1,533.0",20.0,"3,507.5","1,910.0",15.0,"1,514.0",19.0,"3,458.0","2,515.7",42.2,428.8,"2,997.9","6,455.9"
Mar-2001,"2,096.0",16.0,"1,626.0",23.0,"3,762.3","2,065.0",16.0,"1,606.0",23.0,"3,710.0","2,588.6",44.4,462.0,"3,105.8","6,815.8"
Feb-2001,"1,881.0",16.0,"1,486.0",17.0,"3,399.9","1,852.0",15.0,"1,467.0",17.0,"3,351.0","2,322.2",39.7,409.3,"2,781.1","6,132.1"
Jan-2001,"2,205.0",18.0,"1,693.0",19.0,"3,934.7","2,172.0",17.0,"1,672.0",18.0,"3,880.0","2,622.2",42.7,461.2,"3,137.6","7,017.6"
Dec-2000,"1,997.0",18.0,"1,579.0",21.0,"3,614.7","1,966.0",17.0,"1,557.0",20.0,"3,561.0","2,357.7",,403.4,"2,807.0","6,368.0"
Nov-2000,"2,169.0",18.0,"1,714.0",20.0,"3,920.5","2,138.0",18.0,"1,693.0",20.0,"3,869.0","2,553.3",,482.3,"3,088.3","6,957.3"
Oct-2000,"2,345.0",18.0,"1,717.0",18.0,"4,099.2","2,310.0",18.0,"1,694.0",18.0,"4,039.0","2,632.5",,499.6,"3,187.6","7,226.6"
Sep-2000,"2,275.0",17.0,"1,554.0",17.0,"3,862.9","2,244.0",16.0,"1,533.0",17.0,"3,810.0","2,421.8",,427.8,"2,900.7","6,710.7"
Aug-2000,"2,437.0",17.0,"1,643.0",18.0,"4,115.8","2,407.0",17.0,"1,620.0",17.0,"4,061.0","2,754.4",,486.6,"3,303.2","7,364.2"
Jul-2000,"2,202.0",18.0,"1,409.0",16.0,"3,645.1","2,175.0",16.0,"1,389.0",15.0,"3,595.0","2,417.7",,425.9,"2,897.7","6,492.7"
Jun-2000,"2,369.0",18.0,"1,538.0",17.0,"3,942.7","2,341.0",17.0,"1,517.0",17.0,"3,892.0","2,672.2",,483.4,"3,215.6","7,107.6"
May-2000,"2,303.0",19.0,"1,542.0",17.0,"3,880.9","2,273.0",18.0,"1,520.0",17.0,"3,828.0","2,741.7",,492.3,"3,293.3","7,121.3"
Apr-2000,"2,027.0",17.0,"1,398.0",23.0,"3,464.9","1,997.0",15.0,"1,378.0",23.0,"3,413.0","2,340.4",,416.5,"2,807.2","6,220.2"
Mar-2000,"2,300.0",20.0,"1,704.0",24.0,"4,048.2","2,268.0",18.0,"1,683.0",23.0,"3,993.0","2,687.9",,469.7,"3,216.5","7,209.5"
Feb-2000,"2,175.0",18.0,"1,558.0",20.0,"3,770.7","2,143.0",17.0,"1,537.0",20.0,"3,716.0","2,487.9",,414.9,"2,954.3","6,670.3"
Jan-2000,"2,178.0",17.0,"1,572.0",19.0,"3,785.6","2,143.0",17.0,"1,550.0",19.0,"3,728.0","2,427.6",,399.9,"2,880.0","6,608.0"
Dec-1999,"2,113.0",20.0,"1,705.0",24.0,"3,862.2","2,077.0",20.0,"1,679.0",23.0,"3,798.0","2,466.0",,430.0,"2,953.0","6,751.0"
Nov-1999,"2,144.0",19.0,"1,707.0",22.0,"3,891.8","2,111.0",18.0,"1,683.0",21.0,"3,832.0","2,420.1",,490.0,"2,960.7","6,792.7"
Oct-1999,"2,265.0",19.0,"1,698.0",20.0,"4,000.7","2,229.0",18.0,"1,675.0",19.0,"3,941.0","2,481.0",,472.6,"3,010.6","6,951.6"
Sep-1999,"2,275.0",20.0,"1,618.0",19.0,"3,932.5","2,243.0",19.0,"1,594.0",19.0,"3,876.0","2,497.9",,454.9,"3,008.4","6,884.4"
Aug-1999,"2,307.0",20.0,"1,565.0",19.0,"3,910.2","2,277.0",19.0,"1,540.0",18.0,"3,854.0","2,516.4",,468.8,"3,041.9","6,895.9"
Jul-1999,"2,256.0",19.0,"1,489.0",17.0,"3,780.7","2,229.0",18.0,"1,469.0",17.0,"3,732.0","2,471.4",,438.2,"2,965.4","6,697.4"
Jun-1999,"2,321.0",19.0,"1,584.0",17.0,"3,940.2","2,290.0",18.0,"1,560.0",17.0,"3,885.0","2,587.7",,455.6,"3,101.3","6,986.3"
May-1999,"2,151.0",17.0,"1,417.0",18.0,"3,603.3","2,122.0",16.0,"1,396.0",17.0,"3,552.0","2,476.0",,440.8,"2,972.8","6,524.8"
Apr-1999,"2,155.0",18.0,"1,629.0",21.0,"3,822.4","2,123.0",17.0,"1,604.0",20.0,"3,765.0","2,528.1",,439.3,"3,024.1","6,789.1"
Mar-1999,"2,231.0",20.0,"1,737.0",29.0,"4,017.1","2,196.0",20.0,"1,707.0",28.0,"3,951.0","2,607.4",,431.7,"3,098.5","7,049.5"
Feb-1999,"1,998.0",17.0,"1,501.0",20.0,"3,536.6","1,965.0",17.0,"1,473.0",20.0,"3,474.0","2,263.8",,363.8,"2,678.0","6,152.0"
Jan-1999,"2,170.0",18.0,"1,628.0",18.0,"3,832.9","2,136.0",17.0,"1,597.0",17.0,"3,767.0","2,425.7",,410.9,"2,891.7","6,658.7"
Dec-1998,"2,100.0",22.0,"1,799.0",23.0,"3,943.7","2,065.0",21.0,"1,766.0",23.0,"3,875.0","2,395.3",,431.1,"2,882.6","6,757.6"
Nov-1998,"2,003.0",19.0,"1,683.0",19.0,"3,724.7","1,971.0",18.0,"1,657.0",19.0,"3,665.0","2,192.4",,461.6,"2,700.4","6,365.4"
Oct-1998,"2,236.0",21.0,"1,757.0",20.0,"4,034.8","2,199.0",20.0,"1,731.0",20.0,"3,970.0","2,496.9",,474.3,"3,027.0","6,997.0"
Sep-1998,"2,197.0",22.0,"1,591.0",19.0,"3,828.4","2,166.0",21.0,"1,565.0",18.0,"3,770.0","2,322.1",,429.5,"2,804.3","6,574.3"
Aug-1998,"2,228.0",20.0,"1,505.0",17.0,"3,769.5","2,197.0",19.0,"1,481.0",16.0,"3,713.0","2,265.7",,413.2,"2,732.0","6,445.0"
Jul-1998,"2,213.0",21.0,"1,529.0",18.0,"3,781.2","2,183.0",20.0,"1,506.0",17.0,"3,727.0","2,354.1",,459.3,"2,869.0","6,596.0"
Jun-1998,"2,248.0",20.0,"1,444.0",20.0,"3,731.9","2,215.0",19.0,"1,422.0",19.0,"3,676.0","2,347.3",,457.9,"2,862.6","6,538.6"
May-1998,"2,123.0",19.0,"1,419.0",19.0,"3,580.1","2,094.0",18.0,"1,398.0",19.0,"3,529.0","2,259.6",,421.2,"2,736.1","6,265.1"
Apr-1998,"2,090.0",20.0,"1,566.0",25.0,"3,701.1","2,059.0",19.0,"1,545.0",25.0,"3,647.0","2,383.2",,446.9,"2,887.9","6,534.9"
Mar-1998,"2,081.0",23.0,"1,596.0",26.0,"3,725.9","2,049.0",22.0,"1,572.0",26.0,"3,669.0","2,332.6",,440.9,"2,823.2","6,492.2"
Feb-1998,"1,977.0",21.0,"1,457.0",21.0,"3,476.3","1,945.0",21.0,"1,437.0",20.0,"3,424.0","2,144.9",,410.9,"2,603.4","6,027.4"
Jan-1998,"2,157.0",24.0,"1,634.0",21.0,"3,835.6","2,122.0",23.0,"1,612.0",20.0,"3,777.0","2,368.5",,433.7,"2,856.9","6,633.9"
Dec-1997,"2,024.0",26.0,"1,641.0",23.0,"3,714.1","1,987.0",26.0,"1,614.0",23.0,"3,650.0","2,305.6",,460.4,"2,816.9","6,466.9"
Nov-1997,"1,934.0",24.0,"1,473.0",20.0,"3,450.3","1,899.0",23.0,"1,449.0",20.0,"3,391.0","2,025.5",,453.5,"2,524.9","5,915.9"
Oct-1997,"2,300.0",28.0,"1,652.0",22.0,"4,002.7","2,262.0",27.0,"1,627.0",21.0,"3,938.0","2,500.0",,513.7,"3,071.3","7,009.3"
Sep-1997,"2,126.0",28.0,"1,490.0",21.0,"3,664.4","2,092.0",27.0,"1,466.0",20.0,"3,605.0","2,283.9",,462.6,"2,797.6","6,402.6"
Aug-1997,"2,221.0",25.0,"1,352.0",19.0,"3,617.7","2,188.0",25.0,"1,328.0",18.0,"3,560.0","2,272.4",,456.3,"2,776.4","6,336.4"
Jul-1997,"2,256.0",27.0,"1,354.0",20.0,"3,657.3","2,224.0",27.0,"1,331.0",20.0,"3,602.0","2,307.3",,491.8,"2,853.7","6,455.7"
Jun-1997,"2,132.0",26.0,"1,312.0",21.0,"3,491.6","2,100.0",25.0,"1,290.0",20.0,"3,435.0","2,239.7",,483.3,"2,778.5","6,213.5"
May-1997,"2,189.0",26.0,"1,332.0",22.0,"3,568.4","2,157.0",25.0,"1,311.0",21.0,"3,515.0","2,343.8",,468.5,"2,869.2","6,384.2"
Apr-1997,"2,095.0",28.0,"1,446.0",22.0,"3,591.5","2,062.0",27.0,"1,424.0",21.0,"3,534.0","2,353.9",,452.2,"2,860.2","6,394.2"
Mar-1997,"1,966.0",28.0,"1,422.0",26.0,"3,441.4","1,930.0",27.0,"1,398.0",26.0,"3,381.0","2,170.6",,401.9,"2,621.9","6,002.9"
Feb-1997,"1,919.0",27.0,"1,309.0",21.0,"3,275.8","1,882.0",26.0,"1,286.0",21.0,"3,214.0","2,097.8",,391.7,"2,535.6","5,749.6"
Jan-1997,"2,222.0",31.0,"1,461.0",20.0,"3,733.0","2,180.0",30.0,"1,437.0",19.0,"3,666.0","2,370.2",,442.1,"2,866.3","6,532.3"
Dec-1996,"1,950.0",31.0,"1,429.0",22.0,"3,432.8","1,908.0",30.0,"1,402.0",22.0,"3,362.0","2,099.8",,410.9,"2,555.6","5,917.6"
Nov-1996,"1,955.0",30.0,"1,429.0",21.0,"3,434.5","1,917.0",29.0,"1,405.0",21.0,"3,370.0","2,013.2",,468.4,"2,521.5","5,891.5"
Oct-1996,"2,179.0",34.0,"1,591.0",23.0,"3,827.3","2,137.0",32.0,"1,563.0",23.0,"3,755.0","2,414.3",,523.4,"2,995.5","6,750.5"
Sep-1996,"1,934.0",31.0,"1,408.0",20.0,"3,392.0","1,897.0",30.0,"1,383.0",19.0,"3,329.0","2,117.0",,444.4,"2,612.1","5,941.1"
Aug-1996,"2,262.0",32.0,"1,395.0",20.0,"3,709.0","2,225.0",31.0,"1,368.0",19.0,"3,643.0","2,277.8",,481.6,"2,803.7","6,446.7"
Jul-1996,"2,194.0",32.0,"1,340.0",20.0,"3,587.1","2,156.0",31.0,"1,316.0",20.0,"3,522.0","2,233.3",,489.0,"2,773.1","6,295.1"
Jun-1996,"2,186.0",29.0,"1,206.0",18.0,"3,438.5","2,148.0",27.0,"1,184.0",17.0,"3,377.0","2,069.8",,456.1,"2,574.4","5,951.4"
May-1996,"2,302.0",30.0,"1,413.0",21.0,"3,766.2","2,263.0",29.0,"1,389.0",21.0,"3,701.0","2,299.4",,485.2,"2,836.2","6,537.2"
Apr-1996,"2,154.0",28.0,"1,485.0",25.0,"3,693.1","2,114.0",28.0,"1,460.0",25.0,"3,626.0","2,201.7",,436.6,"2,690.1","6,316.1"
Mar-1996,"2,035.0",30.0,"1,422.0",27.0,"3,514.0","1,996.0",29.0,"1,396.0",27.0,"3,449.0","2,155.2",,424.7,"2,630.5","6,079.5"
Feb-1996,"2,048.0",30.0,"1,417.0",24.0,"3,519.4","2,009.0",29.0,"1,391.0",23.0,"3,453.0","2,168.4",,429.4,"2,647.2","6,100.2"
Jan-1996,"2,220.0",30.0,"1,550.0",23.0,"3,823.8","2,177.0",29.0,"1,523.0",22.0,"3,752.0","2,286.5",,415.8,"2,755.3","6,507.3"
Dec-1995,"1,998.0",26.0,"1,507.0",23.0,"3,554.5","1,957.0",25.0,"1,477.0",22.0,"3,482.0","2,018.5",,396.8,"2,460.2","5,942.2"
Nov-1995,"2,098.0",27.0,"1,608.0",23.0,"3,755.9","2,059.0",25.0,"1,580.0",23.0,"3,687.0","2,082.9",,466.7,"2,597.5","6,284.5"
Oct-1995,"2,181.0",27.0,"1,574.0",22.0,"3,804.6","2,139.0",26.0,"1,545.0",22.0,"3,731.0","2,234.8",,483.0,"2,771.6","6,502.6"
Sep-1995,"2,220.0",26.0,"1,438.0",21.0,"3,704.6","2,185.0",25.0,"1,411.0",21.0,"3,641.0","2,055.9",,424.0,"2,526.5","6,167.5"
Aug-1995,"2,316.0",26.0,"1,504.0",23.0,"3,868.7","2,281.0",25.0,"1,475.0",22.0,"3,803.0","2,181.0",,451.7,"2,679.2","6,482.2"
Jul-1995,"2,089.0",24.0,"1,299.0",19.0,"3,431.7","2,059.0",24.0,"1,274.0",19.0,"3,375.0","1,944.9",,413.1,"2,403.5","5,778.5"
Jun-1995,"2,285.0",26.0,"1,464.0",22.0,"3,797.5","2,254.0",25.0,"1,437.0",22.0,"3,737.0","2,232.0",,482.1,"2,767.2","6,504.2"
May-1995,"2,186.0",26.0,"1,525.0",23.0,"3,759.9","2,153.0",25.0,"1,495.0",23.0,"3,696.0","2,211.6",,443.4,"2,708.6","6,404.6"
Apr-1995,"1,854.0",22.0,"1,404.0",27.0,"3,308.3","1,821.0",22.0,"1,377.0",27.0,"3,246.0","1,912.6",,371.9,"2,334.1","5,580.1"
Mar-1995,"2,067.0",27.0,"1,634.0",30.0,"3,757.6","2,033.0",26.0,"1,605.0",30.0,"3,693.0","2,196.7",,435.8,"2,685.4","6,378.4"
Feb-1995,"1,811.0",24.0,"1,354.0",24.0,"3,212.6","1,779.0",23.0,"1,326.0",23.0,"3,151.0","1,890.4",,371.2,"2,309.5","5,460.5"
Jan-1995,"2,010.0",27.0,"1,500.0",24.0,"3,561.8","1,972.0",27.0,"1,466.0",24.0,"3,488.0","2,059.4",,389.1,"2,499.0","5,987.0"
Dec-1994,"2,020.0",26.0,"1,642.0",26.0,"3,715.0","1,984.0",26.0,"1,603.0",25.0,"3,638.0","1,979.2",,397.5,"2,428.1","6,066.1"
Nov-1994,"1,978.0",25.0,"1,639.0",24.0,"3,666.0","1,942.0",25.0,"1,604.0",24.0,"3,594.0","1,986.4",,453.9,"2,487.1","6,081.1"
Oct-1994,"2,116.0",25.0,"1,631.0",23.0,"3,796.5","2,077.0",25.0,"1,596.0",23.0,"3,721.0","2,062.9",,459.1,"2,571.4","6,292.4"
Sep-1994,"2,135.0",23.0,"1,539.0",23.0,"3,721.3","2,102.0",23.0,"1,508.0",23.0,"3,656.0","2,079.1",,447.7,"2,577.8","6,233.8"
Aug-1994,"2,215.0",24.0,"1,493.0",24.0,"3,756.1","2,181.0",23.0,"1,462.0",23.0,"3,689.0","2,206.2",,483.6,"2,741.6","6,430.6"
Jul-1994,"2,027.0",21.0,"1,294.0",19.0,"3,360.9","1,997.0",21.0,"1,269.0",18.0,"3,305.0","1,881.5",,405.6,"2,333.4","5,638.4"
Jun-1994,"2,156.0",24.0,"1,411.0",24.0,"3,615.3","2,125.0",23.0,"1,383.0",24.0,"3,555.0","2,073.3",,457.9,"2,586.4","6,141.4"
May-1994,"1,985.0",22.0,"1,396.0",28.0,"3,431.0","1,954.0",22.0,"1,369.0",27.0,"3,372.0","1,986.5",,415.6,"2,454.1","5,826.1"
Apr-1994,"1,901.0",22.0,"1,432.0",27.0,"3,381.1","1,869.0",21.0,"1,404.0",26.0,"3,321.0","1,924.3",,380.6,"2,356.7","5,677.7"
Mar-1994,"2,001.0",26.0,"1,530.0",34.0,"3,590.8","1,967.0",25.0,"1,500.0",34.0,"3,526.0","2,028.0",,400.9,"2,481.8","6,007.8"
Feb-1994,"1,802.0",22.0,"1,275.0",27.0,"3,125.5","1,769.0",21.0,"1,249.0",26.0,"3,066.0","1,751.6",,342.0,"2,141.4","5,207.4"
Jan-1994,"1,942.0",23.0,"1,376.0",25.0,"3,366.3","1,906.0",22.0,"1,346.0",24.0,"3,299.0","1,887.0",,347.8,"2,285.7","5,584.7"
Dec-1993,"1,948.0",24.0,"1,554.0",28.0,"3,552.9","1,909.0",23.0,"1,520.0",27.0,"3,479.0","1,877.4",,375.3,"2,304.6","5,783.6"
Nov-1993,"1,891.0",23.0,"1,509.0",26.0,"3,448.8","1,854.0",23.0,"1,478.0",25.0,"3,380.0","1,810.2",,461.8,"2,319.1","5,699.1"
Oct-1993,"1,980.0",22.0,"1,472.0",25.0,"3,499.9","1,941.0",21.0,"1,443.0",24.0,"3,430.0","1,872.0",,451.4,"2,377.1","5,807.1"
Sep-1993,"2,027.0",22.0,"1,440.0",27.0,"3,515.1","1,992.0",21.0,"1,410.0",26.0,"3,450.0","1,914.9",,436.0,"2,405.9","5,855.9"
Aug-1993,"2,065.0",23.0,"1,389.0",27.0,"3,504.3","2,032.0",22.0,"1,360.0",26.0,"3,440.0","1,905.3",,426.9,"2,381.9","5,821.9"
Jul-1993,"1,984.0",21.0,"1,311.0",26.0,"3,342.5","1,953.0",21.0,"1,284.0",25.0,"3,283.0","1,801.8",,419.3,"2,272.6","5,555.6"
Jun-1993,"2,051.0",22.0,"1,377.0",31.0,"3,481.0","2,019.0",21.0,"1,350.0",30.0,"3,421.0","1,979.4",,446.7,"2,484.0","5,905.0"
May-1993,"1,857.0",19.0,"1,309.0",27.0,"3,212.0","1,826.0",19.0,"1,283.0",26.0,"3,154.0","1,790.4",,378.7,"2,220.4","5,374.4"
Apr-1993,"1,782.0",22.0,"1,465.0",30.0,"3,299.4","1,749.0",21.0,"1,438.0",29.0,"3,239.0","1,867.2",,391.9,"2,311.4","5,550.4"
Mar-1993,"1,858.0",26.0,"1,480.0",32.0,"3,395.6","1,822.0",25.0,"1,451.0",31.0,"3,329.0","1,897.1",,382.9,"2,328.2","5,657.2"
Feb-1993,"1,677.0",21.0,"1,289.0",25.0,"3,012.5","1,646.0",21.0,"1,262.0",25.0,"2,953.0","1,659.6",,322.7,"2,029.9","4,982.9"
Jan-1993,"1,822.0",22.0,"1,435.0",25.0,"3,304.4","1,785.0",21.0,"1,405.0",24.0,"3,235.0","1,802.8",,354.1,"2,206.6","5,441.6"
Dec-1992,"1,855.0",26.0,"1,524.0",29.0,"3,434.6","1,815.0",25.0,"1,489.0",29.0,"3,359.0","1,817.8",,393.1,"2,260.9","5,619.9"
Nov-1992,"1,784.0",23.0,"1,455.0",27.0,"3,288.4","1,745.0",23.0,"1,423.0",26.0,"3,216.0","1,595.0",,423.0,"2,056.4","5,272.4"
Oct-1992,"2,015.0",24.0,"1,588.0",29.0,"3,656.1","1,975.0",23.0,"1,557.0",28.0,"3,584.0","1,834.0",,467.6,"2,351.9","5,935.9"
Sep-1992,"1,996.0",23.0,"1,511.0",30.0,"3,560.3","1,960.0",23.0,"1,478.0",29.0,"3,490.0","1,803.5",,431.3,"2,286.7","5,776.7"
Aug-1992,"1,980.0",24.0,"1,378.0",25.0,"3,406.3","1,944.0",23.0,"1,348.0",24.0,"3,340.0","1,763.3",,411.9,"2,223.4","5,563.4"
Jul-1992,"2,015.0",24.0,"1,375.0",27.0,"3,441.8","1,982.0",24.0,"1,346.0",27.0,"3,378.0","1,819.9",,451.8,"2,329.2","5,707.2"
Jun-1992,"2,039.0",25.0,"1,332.0",27.0,"3,422.9","2,004.0",24.0,"1,303.0",27.0,"3,358.0","1,824.7",,435.0,"2,312.6","5,670.6"
May-1992,"1,900.0",25.0,"1,287.0",25.0,"3,236.4","1,867.0",24.0,"1,261.0",24.0,"3,176.0","1,740.3",,374.2,"2,165.8","5,341.8"
Apr-1992,"1,787.0",25.0,"1,414.0",33.0,"3,259.0","1,751.0",24.0,"1,385.0",32.0,"3,192.0","1,729.7",,385.2,"2,168.6","5,360.6"
Mar-1992,"1,850.0",27.0,"1,467.0",32.0,"3,377.5","1,812.0",27.0,"1,436.0",32.0,"3,306.0","1,760.6",,361.3,"2,172.5","5,478.5"
Feb-1992,"1,708.0",25.0,"1,329.0",28.0,"3,089.4","1,671.0",24.0,"1,300.0",27.0,"3,022.0","1,580.7",,331.7,"1,960.6","4,982.6"
Jan-1992,"2,039.0",28.0,"1,525.0",31.0,"3,623.1","1,998.0",27.0,"1,491.0",30.0,"3,547.0","1,782.9",,362.9,"2,201.3","5,748.3"
Dec-1991,"1,782.0",27.0,"1,444.0",31.0,"3,284.0","1,742.0",27.0,"1,409.0",30.0,"3,207.0","1,615.9",,349.9,"2,015.9","5,222.9"
Nov-1991,"1,813.0",26.0,"1,456.0",29.0,"3,324.2","1,774.0",25.0,"1,424.0",28.0,"3,251.0","1,513.4",,419.2,"1,976.2","5,227.2"
Oct-1991,"2,114.0",28.0,"1,534.0",32.0,"3,707.7","2,070.0",27.0,"1,502.0",31.0,"3,629.0","1,833.9",,482.0,"2,369.0","5,998.0"
Sep-1991,"1,940.0",24.0,"1,316.0",28.0,"3,307.6","1,900.0",23.0,"1,286.0",27.0,"3,237.0","1,590.8",,404.8,"2,045.5","5,282.5"
Aug-1991,"2,077.0",22.0,"1,299.0",27.0,"3,425.3","2,040.0",21.0,"1,270.0",26.0,"3,358.0","1,746.8",,421.8,"2,220.2","5,578.2"
Jul-1991,"1,996.0",22.0,"1,207.0",28.0,"3,253.3","1,962.0",21.0,"1,179.0",27.0,"3,189.0","1,721.3",,402.2,"2,174.6","5,363.6"
Jun-1991,"1,874.0",20.0,"1,140.0",25.0,"3,059.7","1,840.0",19.0,"1,114.0",24.0,"2,998.0","1,579.1",,380.7,"2,008.5","5,006.5"
May-1991,"1,947.0",23.0,"1,291.0",30.0,"3,290.7","1,910.0",23.0,"1,262.0",29.0,"3,223.0","1,743.9",,398.2,"2,197.9","5,420.9"
Apr-1991,"1,872.0",23.0,"1,361.0",29.0,"3,285.3","1,834.0",22.0,"1,332.0",28.0,"3,216.0","1,701.7",,375.8,"2,128.7","5,344.7"
Mar-1991,"1,720.0",25.0,"1,300.0",36.0,"3,081.3","1,683.0",24.0,"1,272.0",35.0,"3,015.0","1,530.9",,329.7,"1,909.0","4,924.0"
Feb-1991,"1,695.0",25.0,"1,204.0",30.0,"2,953.7","1,659.0",25.0,"1,176.0",29.0,"2,889.0","1,485.5",,322.0,"1,855.6","4,744.6"
Jan-1991,"1,970.0",31.0,"1,396.0",33.0,"3,428.7","1,927.0",30.0,"1,363.0",32.0,"3,351.0","1,664.4",,365.6,"2,081.3","5,432.3"
Dec-1990,"1,681.0",27.0,"1,342.0",30.0,"3,079.7","1,640.0",26.0,"1,306.0",29.0,"3,001.0","1,437.0",,328.6,"1,809.5","4,810.5"
Nov-1990,"1,842.0",28.0,"1,373.0",30.0,"3,273.4","1,798.0",27.0,"1,340.0",29.0,"3,194.0","1,566.9",,446.2,"2,056.2","5,250.2"
Oct-1990,"2,044.0",31.0,"1,392.0",32.0,"3,498.2","1,995.0",30.0,"1,357.0",31.0,"3,412.0","1,768.6",,478.4,"2,302.1","5,714.1"
Sep-1990,"1,815.0",26.0,"1,228.0",27.0,"3,095.4","1,779.0",25.0,"1,199.0",26.0,"3,028.0","1,421.4",,382.9,"1,851.8","4,879.8"
Aug-1990,"2,063.0",28.0,"1,310.0",30.0,"3,429.5","2,024.0",27.0,"1,278.0",29.0,"3,357.0","1,688.8",,444.0,"2,186.4","5,543.4"
Jul-1990,"1,945.0",25.0,"1,103.0",27.0,"3,100.9","1,908.0",24.0,"1,076.0",26.0,"3,034.0","1,516.8",,395.7,"1,963.6","4,997.6"
Jun-1990,"1,981.0",25.0,"1,142.0",27.0,"3,175.1","1,945.0",24.0,"1,116.0",27.0,"3,111.0","1,535.7",,389.2,"1,981.4","5,092.4"
May-1990,"2,007.0",25.0,"1,257.0",31.0,"3,320.5","1,965.0",24.0,"1,229.0",30.0,"3,248.0","1,635.1",,384.1,"2,079.3","5,327.3"
Apr-1990,"1,748.0",22.0,"1,248.0",31.0,"3,048.9","1,709.0",22.0,"1,220.0",30.0,"2,980.0","1,489.3",,328.4,"1,872.6","4,852.6"
Mar-1990,"1,870.0",28.0,"1,329.0",32.0,"3,258.8","1,830.0",26.0,"1,300.0",31.0,"3,188.0","1,540.1",,351.1,"1,943.3","5,131.3"
Feb-1990,"1,706.0",24.0,"1,213.0",29.0,"2,971.2","1,669.0",23.0,"1,184.0",28.0,"2,904.0","1,368.0",,298.3,"1,718.3","4,622.3"
Jan-1990,"1,932.0",27.0,"1,363.0",32.0,"3,354.6","1,890.0",26.0,"1,330.0",31.0,"3,277.0","1,586.6",,334.0,"1,974.2","5,251.2"
Dec-1989,"1,827.0",25.0,"1,288.0",31.0,"3,170.8","1,783.0",24.0,"1,252.0",30.0,"3,089.0","1,491.1",,334.9,"1,879.1","4,968.1"
Nov-1989,"1,906.0",28.0,"1,446.0",31.0,"3,410.8","1,855.0",26.0,"1,410.0",30.0,"3,321.0","1,432.2",,423.1,"1,903.0","5,224.0"
Oct-1989,"2,041.0",31.0,"1,421.0",30.0,"3,523.9","1,992.0",30.0,"1,387.0",29.0,"3,438.0","1,497.1",,422.6,"1,971.1","5,409.1"
Sep-1989,"1,913.0",28.0,"1,349.0",27.0,"3,317.3","1,874.0",26.0,"1,318.0",27.0,"3,245.0","1,426.2",,385.7,"1,864.2","5,109.2"
Aug-1989,"2,092.0",29.0,"1,333.0",29.0,"3,483.5","2,050.0",28.0,"1,302.0",28.0,"3,408.0","1,604.2",,430.3,"2,088.1","5,496.1"
Jul-1989,"1,888.0",27.0,"1,108.0",25.0,"3,047.9","1,852.0",26.0,"1,081.0",24.0,"2,982.0","1,365.0",,360.4,"1,776.8","4,758.8"
Jun-1989,"2,022.0",29.0,"1,266.0",26.0,"3,342.0","1,979.0",27.0,"1,235.0",25.0,"3,266.0","1,514.5",,388.6,"1,958.8","5,224.8"
May-1989,"1,999.0",29.0,"1,341.0",28.0,"3,396.9","1,954.0",28.0,"1,308.0",28.0,"3,317.0","1,538.5",,356.9,"1,951.4","5,268.4"
Apr-1989,"1,756.0",27.0,"1,322.0",26.0,"3,131.0","1,717.0",26.0,"1,292.0",25.0,"3,059.0","1,335.8",,268.8,"1,655.3","4,714.3"
Mar-1989,"1,887.0",31.0,"1,373.0",34.0,"3,324.9","1,844.0",30.0,"1,342.0",33.0,"3,248.0","1,473.4",,301.3,"1,830.2","5,078.2"
Feb-1989,"1,744.0",28.0,"1,205.0",27.0,"3,004.3","1,705.0",27.0,"1,175.0",26.0,"2,933.0","1,270.1",,248.1,"1,569.5","4,502.5"
Jan-1989,"1,899.0",32.0,"1,307.0",27.0,"3,265.3","1,852.0",30.0,"1,274.0",27.0,"3,183.0","1,386.0",,254.1,"1,695.8","4,878.8"
Dec-1988,"1,872.0",32.0,"1,425.0",29.0,"3,358.0","1,822.0",30.0,"1,385.0",28.0,"3,266.0","1,328.4",,272.8,"1,655.9","4,921.9"
Nov-1988,"1,876.0",33.0,"1,463.0",27.0,"3,398.5","1,818.0",30.0,"1,425.0",26.0,"3,300.0","1,307.1",,371.7,"1,727.7","5,027.7"
Oct-1988,"2,007.0",34.0,"1,443.0",28.0,"3,511.1","1,954.0",31.0,"1,409.0",27.0,"3,421.0","1,379.1",,395.7,"1,826.1","5,247.1"
Sep-1988,"2,041.0",33.0,"1,360.0",28.0,"3,462.2","1,993.0",31.0,"1,330.0",27.0,"3,382.0","1,378.7",,365.8,"1,793.1","5,175.1"
Aug-1988,"2,162.0",35.0,"1,282.0",28.0,"3,506.8","2,111.0",33.0,"1,251.0",27.0,"3,422.0","1,421.9",,377.3,"1,847.4","5,269.4"
Jul-1988,"1,982.0",31.0,"1,133.0",24.0,"3,171.1","1,934.0",29.0,"1,105.0",23.0,"3,093.0","1,234.1",,322.4,"1,600.2","4,693.2"
Jun-1988,"2,025.0",34.0,"1,233.0",27.0,"3,318.0","1,976.0",32.0,"1,203.0",26.0,"3,237.0","1,398.0",,373.2,"1,831.4","5,068.4"
May-1988,"1,918.0",30.0,"1,231.0",27.0,"3,206.3","1,874.0",28.0,"1,203.0",26.0,"3,131.0","1,367.3",,331.3,"1,759.4","4,890.4"
Apr-1988,"1,841.0",28.0,"1,263.0",26.0,"3,157.9","1,798.0",26.0,"1,236.0",25.0,"3,086.0","1,313.5",,276.6,"1,647.7","4,733.7"
Mar-1988,"1,925.0",33.0,"1,362.0",35.0,"3,355.8","1,878.0",31.0,"1,332.0",35.0,"3,275.0","1,400.4",,314.0,"1,778.9","5,053.9"
Feb-1988,"1,829.0",32.0,"1,184.0",26.0,"3,071.5","1,784.0",30.0,"1,156.0",26.0,"2,997.0","1,289.7",,266.9,"1,618.4","4,615.4"
Jan-1988,"1,946.0",32.0,"1,244.0",24.0,"3,245.4","1,895.0",29.0,"1,214.0",23.0,"3,162.0","1,306.1",,255.7,"1,618.8","4,780.8"
Dec-1987,"1,924.0",36.0,"1,390.0",28.0,"3,378.4","1,865.0",34.0,"1,352.0",27.0,"3,277.0","1,336.8",,297.0,"1,693.7","4,970.7"
Nov-1987,"1,828.0",32.0,"1,312.0",25.0,"3,197.0","1,766.0",29.0,"1,278.0",25.0,"3,098.0","1,177.1",,373.5,"1,597.6","4,695.6"
Oct-1987,"2,098.0",36.0,"1,359.0",28.0,"3,521.2","2,038.0",33.0,"1,329.0",27.0,"3,428.0","1,383.6",,411.4,"1,850.2","5,278.2"
Sep-1987,"2,040.0",35.0,"1,227.0",28.0,"3,331.0","1,988.0",32.0,"1,199.0",28.0,"3,248.0","1,371.2",,383.9,"1,807.3","5,055.3"
Aug-1987,"2,007.0",30.0,"1,075.0",24.0,"3,135.2","1,959.0",27.0,"1,048.0",23.0,"3,058.0","1,257.0",,357.4,"1,662.4","4,720.4"
Jul-1987,"2,017.0",34.0,"1,082.0",25.0,"3,158.3","1,966.0",31.0,"1,055.0",24.0,"3,077.0","1,337.9",,358.8,"1,751.8","4,828.8"
Jun-1987,"1,958.0",35.0,"1,086.0",24.0,"3,102.8","1,908.0",32.0,"1,058.0",23.0,"3,021.0","1,371.5",,335.8,"1,772.3","4,793.3"
May-1987,"1,851.0",32.0,"1,071.0",22.0,"2,975.3","1,800.0",29.0,"1,044.0",21.0,"2,895.0","1,261.0",,274.1,"1,590.3","4,485.3"
Apr-1987,"1,928.0",34.0,"1,170.0",29.0,"3,160.1","1,874.0",31.0,"1,141.0",28.0,"3,074.0","1,274.5",,255.0,"1,592.3","4,666.3"
Mar-1987,"1,907.0",38.0,"1,226.0",27.0,"3,197.5","1,851.0",35.0,"1,196.0",26.0,"3,108.0","1,298.2",,241.9,"1,596.2","4,704.2"
Feb-1987,"1,745.0",35.0,"1,070.0",24.0,"2,874.9","1,693.0",32.0,"1,042.0",23.0,"2,790.0","1,160.7",,212.8,"1,422.3","4,212.3"
Jan-1987,"2,102.0",39.0,"1,244.0",25.0,"3,410.8","2,038.0",35.0,"1,211.0",25.0,"3,310.0","1,275.7",,215.4,"1,545.0","4,855.0"
Dec-1986,"1,971.0",41.0,"1,221.0",28.0,"3,260.9","1,900.0",37.0,"1,181.0",27.0,"3,145.0","1,252.2",,248.2,"1,553.2","4,698.2"
Nov-1986,"1,808.0",37.0,"1,117.0",24.0,"2,985.9","1,741.0",32.0,"1,086.0",24.0,"2,882.0","1,050.4",,307.1,"1,400.4","4,282.4"
Oct-1986,"2,146.0",44.0,"1,285.0",30.0,"3,505.8","2,079.0",39.0,"1,254.0",30.0,"3,402.0","1,255.7",,365.8,"1,677.0","5,079.0"
Sep-1986,"2,050.0",43.0,"1,137.0",30.0,"3,258.9","1,990.0",38.0,"1,107.0",29.0,"3,163.0","1,241.6",,331.4,"1,628.8","4,791.8"
Aug-1986,"2,076.0",41.0,"1,037.0",25.0,"3,179.6","2,020.0",37.0,"1,009.0",24.0,"3,090.0","1,181.0",,299.4,"1,528.0","4,618.0"
Jul-1986,"2,147.0",45.0,"1,063.0",26.0,"3,281.3","2,087.0",41.0,"1,034.0",25.0,"3,186.0","1,197.5",,307.6,"1,554.4","4,740.4"
Jun-1986,"2,027.0",41.0,"1,065.0",24.0,"3,156.3","1,967.0",36.0,"1,035.0",23.0,"3,062.0","1,194.5",,275.8,"1,528.2","4,590.2"
May-1986,"2,109.0",43.0,"1,211.0",25.0,"3,387.7","2,047.0",38.0,"1,180.0",24.0,"3,290.0","1,229.1",,236.4,"1,521.0","4,811.0"
Apr-1986,"2,110.0",45.0,"1,292.0",29.0,"3,477.0","2,044.0",41.0,"1,261.0",28.0,"3,374.0","1,249.6",,205.2,"1,515.5","4,889.5"
Mar-1986,"1,860.0",43.0,"1,198.0",32.0,"3,133.4","1,798.0",39.0,"1,166.0",31.0,"3,033.0","1,115.8",,193.6,"1,366.0","4,399.0"
Feb-1986,"1,769.0",40.0,"1,106.0",27.0,"2,941.6","1,713.0",36.0,"1,076.0",26.0,"2,852.0","1,087.0",,175.0,"1,310.6","4,162.6"
Jan-1986,"2,140.0",46.0,"1,266.0",31.0,"3,481.9","2,070.0",41.0,"1,230.0",30.0,"3,371.0","1,211.3",,187.5,"1,453.7","4,824.7"
Dec-1985,"1,855.0",46.0,"1,215.0",30.0,"3,145.4","1,774.0",41.0,"1,171.0",29.0,"3,016.0","1,094.1",,210.7,"1,356.0","4,372.0"
Nov-1985,"1,812.0",42.0,"1,241.0",28.0,"3,123.0","1,735.0",37.0,"1,206.0",27.0,"3,005.0",997.8,,282.5,"1,319.6","4,324.6"
Oct-1985,"2,108.0",46.0,"1,358.0",33.0,"3,544.0","2,029.0",41.0,"1,321.0",32.0,"3,422.0","1,252.5",,341.5,"1,644.2","5,066.2"
Sep-1985,"1,985.0",42.0,"1,196.0",28.0,"3,251.6","1,917.0",37.0,"1,163.0",27.0,"3,144.0","1,081.9",,288.3,"1,415.4","4,559.4"
Aug-1985,"2,123.0",41.0,"1,210.0",29.0,"3,402.0","2,051.0",36.0,"1,177.0",28.0,"3,291.0","1,198.4",,295.2,"1,540.5","4,831.5"
Jul-1985,"2,059.0",43.0,"1,147.0",28.0,"3,276.7","1,993.0",39.0,"1,114.0",27.0,"3,173.0","1,203.3",,271.1,"1,522.5","4,695.5"
Jun-1985,"1,898.0",37.0,"1,125.0",24.0,"3,084.6","1,836.0",33.0,"1,095.0",24.0,"2,988.0","1,094.8",,238.5,"1,376.3","4,364.3"
May-1985,"2,089.0",42.0,"1,329.0",29.0,"3,487.9","2,020.0",37.0,"1,295.0",28.0,"3,380.0","1,221.5",,212.5,"1,486.7","4,866.7"
Apr-1985,"1,936.0",41.0,"1,289.0",30.0,"3,295.1","1,868.0",36.0,"1,254.0",29.0,"3,187.0","1,196.6",,177.3,"1,431.1","4,618.1"
Mar-1985,"1,858.0",40.0,"1,232.0",33.0,"3,162.1","1,791.0",35.0,"1,198.0",32.0,"3,057.0","1,082.5",,176.4,"1,311.7","4,368.7"
Feb-1985,"1,768.0",37.0,"1,105.0",28.0,"2,938.3","1,706.0",33.0,"1,074.0",27.0,"2,839.0",991.5,,148.0,"1,189.5","4,028.5"
Jan-1985,"2,066.0",42.0,"1,281.0",32.0,"3,420.5","1,989.0",37.0,"1,243.0",31.0,"3,300.0","1,154.9",,157.7,"1,377.7","4,677.7"
Dec-1984,"1,830.0",39.0,"1,220.0",30.0,"3,119.0","1,745.0",33.0,"1,177.0",30.0,"2,984.0",995.4,,182.8,"1,230.0","4,214.0"
Nov-1984,"1,924.0",43.0,"1,326.0",30.0,"3,323.9","1,840.0",37.0,"1,286.0",30.0,"3,192.0","1,018.7",,271.7,"1,338.4","4,530.4"
Oct-1984,"2,182.0",46.0,"1,411.0",33.0,"3,671.7","2,095.0",39.0,"1,372.0",32.0,"3,537.0","1,212.8",,320.8,"1,595.6","5,132.6"
Sep-1984,"1,904.0",39.0,"1,139.0",29.0,"3,110.8","1,831.0",32.0,"1,106.0",28.0,"2,997.0","1,026.1",,255.4,"1,330.3","4,327.3"
Aug-1984,"2,112.0",44.0,"1,175.0",31.0,"3,362.0","2,039.0",38.0,"1,140.0",30.0,"3,248.0","1,210.5",,279.6,"1,544.9","4,792.9"
Jul-1984,"1,936.0",40.0,"1,041.0",28.0,"3,044.7","1,865.0",35.0,"1,009.0",27.0,"2,936.0","1,102.7",,242.3,"1,395.6","4,331.6"
Jun-1984,"1,984.0",38.0,"1,156.0",27.0,"3,204.9","1,917.0",31.0,"1,123.0",27.0,"3,098.0","1,113.5",,223.6,"1,393.2","4,491.2"
May-1984,"2,060.0",39.0,"1,281.0",31.0,"3,410.6","1,989.0",33.0,"1,246.0",31.0,"3,299.0","1,184.4",,202.6,"1,442.4","4,741.4"
Apr-1984,"1,776.0",36.0,"1,233.0",34.0,"3,079.4","1,708.0",31.0,"1,200.0",33.0,"2,971.0","1,052.2",,163.1,"1,263.7","4,234.7"
Mar-1984,"1,937.0",40.0,"1,338.0",35.0,"3,348.9","1,864.0",34.0,"1,301.0",34.0,"3,233.0","1,069.0",,155.1,"1,269.6","4,502.6"
Feb-1984,"1,859.0",36.0,"1,165.0",32.0,"3,092.2","1,785.0",32.0,"1,129.0",32.0,"2,977.0",984.5,,139.0,"1,167.5","4,144.5"
Jan-1984,"1,914.0",39.0,"1,235.0",31.0,"3,219.1","1,830.0",33.0,"1,194.0",30.0,"3,087.0","1,028.9",,138.1,"1,209.8","4,296.8"
Dec-1983,"1,965.0",37.0,"1,350.0",30.0,"3,383.2","1,876.0",32.0,"1,301.0",30.0,"3,238.0",941.6,,189.0,"1,171.8","4,409.8"
Nov-1983,"1,935.0",39.0,"1,468.0",29.0,"3,471.8","1,839.0",32.0,"1,421.0",28.0,"3,321.0",937.2,,288.7,"1,266.1","4,587.1"
Oct-1983,"2,062.0",41.0,"1,388.0",32.0,"3,523.1","1,966.0",33.0,"1,347.0",31.0,"3,376.0","1,038.4",,281.3,"1,368.1","4,744.1"
Sep-1983,"2,090.0",38.0,"1,273.0",33.0,"3,434.7","2,004.0",32.0,"1,236.0",32.0,"3,304.0","1,044.7",,263.7,"1,357.4","4,661.4"
Aug-1983,"2,118.0",39.0,"1,250.0",33.0,"3,439.7","2,036.0",32.0,"1,213.0",32.0,"3,314.0","1,113.1",,271.8,"1,435.1","4,749.1"
Jul-1983,"1,807.0",33.0,"1,134.0",28.0,"3,002.3","1,735.0",28.0,"1,103.0",27.0,"2,893.0",977.4,,224.8,"1,246.8","4,139.8"
Jun-1983,"1,970.0",34.0,"1,266.0",29.0,"3,298.7","1,892.0",28.0,"1,230.0",28.0,"3,179.0","1,125.2",,231.3,"1,408.9","4,587.9"
May-1983,"1,859.0",32.0,"1,243.0",30.0,"3,163.3","1,783.0",27.0,"1,208.0",29.0,"3,047.0","1,096.3",,183.7,"1,329.4","4,376.4"
Apr-1983,"1,727.0",32.0,"1,262.0",30.0,"3,051.3","1,650.0",26.0,"1,227.0",29.0,"2,933.0","1,054.3",,166.5,"1,274.8","4,207.8"
Mar-1983,"1,892.0",37.0,"1,303.0",36.0,"3,268.7","1,808.0",32.0,"1,265.0",36.0,"3,141.0","1,106.2",,182.7,"1,349.0","4,490.0"
Feb-1983,"1,707.0",32.0,"1,021.0",27.0,"2,786.7","1,632.0",26.0,988.0,26.0,"2,673.0",933.6,,135.5,"1,116.6","3,789.6"
Jan-1983,"1,928.0",34.0,"1,159.0",30.0,"3,150.7","1,837.0",28.0,"1,119.0",29.0,"3,013.0","1,021.0",,144.1,"1,223.1","4,236.1"
Dec-1982,,,,,,,,,,,971.3,,192.7,"1,222.8",
Nov-1982,,,,,,,,,,,929.8,,289.8,"1,269.6",
Oct-1982,,,,,,,,,,,"1,010.4",,276.6,"1,337.3",
Sep-1982,,,,,,,,,,,"1,043.1",,267.7,"1,363.9",
Aug-1982,,,,,,,,,,,"1,057.2",,265.4,"1,376.7",
Jul-1982,,,,,,,,,,,"1,029.5",,228.3,"1,305.7",
Jun-1982,,,,,,,,,,,"1,085.2",,216.2,"1,360.4",
May-1982,,,,,,,,,,,"1,006.1",,164.3,"1,223.1",
Apr-1982,,,,,,,,,,,"1,018.0",,147.4,"1,226.7",
Mar-1982,,,,,,,,,,,"1,052.4",,154.9,"1,267.4",
Feb-1982,,,,,,,,,,,902.2,,123.3,"1,074.8",
Jan-1982,,,,,,,,,,,933.8,,132.2,"1,117.0",
Dec-1981,,,,,,,,,,,973.5,,204.2,"1,232.2",
Nov-1981,,,,,,,,,,,872.6,,278.3,"1,193.1",
Oct-1981,,,,,,,,,,,"1,033.7",,290.1,"1,375.9",
Sep-1981,,,,,,,,,,,"1,039.7",,273.1,"1,365.1",
Aug-1981,,,,,,,,,,,"1,003.8",,261.7,"1,313.9",
Jul-1981,,,,,,,,,,,"1,037.4",,250.4,"1,335.3",
Jun-1981,,,,,,,,,,,"1,042.8",,225.7,"1,323.4",
May-1981,,,,,,,,,,,"1,025.8",,178.3,"1,259.3",
Apr-1981,,,,,,,,,,,"1,027.0",,149.3,"1,238.1",
Mar-1981,,,,,,,,,,,"1,010.7",,136.4,"1,210.1",
Feb-1981,,,,,,,,,,,864.2,,119.6,"1,036.8",
Jan-1981,,,,,,,,,,,974.6,,142.1,"1,175.1",
Dec-1980,,,,,,,,,,,940.4,,190.8,"1,182.1",
Nov-1980,,,,,,,,,,,796.1,,246.3,"1,084.0",
Oct-1980,,,,,,,,,,,997.2,,276.8,"1,332.4",
Sep-1980,,,,,,,,,,,941.8,,244.3,"1,234.0",
Aug-1980,,,,,,,,,,,913.8,,227.0,"1,178.3",
Jul-1980,,,,,,,,,,,936.3,,240.3,"1,216.2",
Jun-1980,,,,,,,,,,,976.2,,206.9,"1,231.5",
May-1980,,,,,,,,,,,"1,006.7",,178.4,"1,239.2",
Apr-1980,,,,,,,,,,,"1,009.0",,143.0,"1,215.5",
Mar-1980,,,,,,,,,,,920.0,,127.9,"1,105.8",
Feb-1980,,,,,,,,,,,872.7,,109.4,"1,044.6",
Jan-1980,,,,,,,,,,,962.0,,141.2,"1,169.3",
Dec-1979,,,,,,,,,,,807.2,,165.5,"1,019.5",
Nov-1979,,,,,,,,,,,820.1,,261.9,"1,128.1",
Oct-1979,,,,,,,,,,,"1,038.0",,297.5,"1,398.7",
Sep-1979,,,,,,,,,,,863.2,,233.0,"1,148.1",
Aug-1979,,,,,,,,,,,"1,026.3",,267.7,"1,354.1",
Jul-1979,,,,,,,,,,,965.3,,219.2,"1,233.9",
Jun-1979,,,,,,,,,,,940.7,,195.9,"1,187.9",
May-1979,,,,,,,,,,,"1,013.5",,157.3,"1,224.8",
Apr-1979,,,,,,,,,,,889.8,,112.3,"1,059.2",
Mar-1979,,,,,,,,,,,905.0,,95.0,"1,056.0",
Feb-1979,,,,,,,,,,,749.1,,77.2,872.9,
Jan-1979,,,,,,,,,,,897.3,,99.3,"1,049.9",
Dec-1978,,,,,,,,,,,767.3,,156.3,970.4,
Nov-1978,,,,,,,,,,,779.1,,248.9,"1,073.8",
Oct-1978,,,,,,,,,,,896.4,,271.2,"1,220.2",
Sep-1978,,,,,,,,,,,834.0,,230.9,"1,110.8",
Aug-1978,,,,,,,,,,,930.8,,248.9,"1,225.2",
Jul-1978,,,,,,,,,,,801.7,,199.9,"1,044.3",
Jun-1978,,,,,,,,,,,874.9,,189.5,"1,118.7",
May-1978,,,,,,,,,,,902.6,,129.3,"1,080.2",
Apr-1978,,,,,,,,,,,769.1,,80.8,893.8,
Mar-1978,,,,,,,,,,,830.0,,86.3,972.2,
Feb-1978,,,,,,,,,,,715.7,,59.7,824.5,
Jan-1978,,,,,,,,,,,781.4,,81.8,913.3,
Dec-1977,,,,,,,,,,,753.2,,148.2,950.1,
Nov-1977,,,,,,,,,,,719.8,,246.8,"1,010.9",
Oct-1977,,,,,,,,,,,775.5,,250.3,"1,073.4",
Sep-1977,,,,,,,,,,,808.2,,238.2,"1,095.4",
Aug-1977,,,,,,,,,,,870.4,,244.4,"1,159.1",
Jul-1977,,,,,,,,,,,745.5,,189.6,971.4,
Jun-1977,,,,,,,,,,,843.7,,176.5,"1,075.2",
May-1977,,,,,,,,,,,809.9,,110.0,969.7,
Apr-1977,,,,,,,,,,,744.9,,78.9,877.1,
Mar-1977,,,,,,,,,,,783.2,,80.3,918.9,
Feb-1977,,,,,,,,,,,659.2,,58.7,763.9,
Jan-1977,,,,,,,,,,,713.8,,70.5,831.5,
Dec-1976,,,,,,,,,,,716.8,,146.5,908.2,
Nov-1976,,,,,,,,,,,699.2,,261.5,"1,001.9",
Oct-1976,,,,,,,,,,,769.5,,256.6,"1,072.5",
Sep-1976,,,,,,,,,,,800.3,,252.8,"1,101.9",
Aug-1976,,,,,,,,,,,805.2,,243.8,"1,093.2",
Jul-1976,,,,,,,,,,,766.0,,213.9,"1,024.7",
Jun-1976,,,,,,,,,,,825.9,,182.2,"1,055.8",
May-1976,,,,,,,,,,,745.4,,106.5,891.7,
Apr-1976,,,,,,,,,,,742.5,,79.9,876.1,
Mar-1976,,,,,,,,,,,771.9,,68.6,890.4,
Feb-1976,,,,,,,,,,,632.3,,61.7,739.0,
Jan-1976,,,,,,,,,,,712.3,,76.3,836.0,
Dec-1975,,,,,,,,,,,691.4,,157.5,893.5,
Nov-1975,,,,,,,,,,,560.7,,220.2,817.7,
Oct-1975,,,,,,,,,,,739.8,,257.5,"1,045.6",
Sep-1975,,,,,,,,,,,684.9,,229.0,957.5,
Aug-1975,,,,,,,,,,,680.5,,203.3,922.7,
Jul-1975,,,,,,,,,,,714.2,,193.2,947.5,
Jun-1975,,,,,,,,,,,683.1,,138.4,866.5,
May-1975,,,,,,,,,,,690.1,,81.9,814.1,
Apr-1975,,,,,,,,,,,688.3,,68.7,806.5,
Mar-1975,,,,,,,,,,,616.6,,54.4,717.7,
Feb-1975,,,,,,,,,,,570.2,,47.1,658.7,
Jan-1975,,,,,,,,,,,646.2,,64.9,761.6,
Dec-1974,,,,,,,,,,,589.6,,119.9,751.2,
Nov-1974,,,,,,,,,,,524.5,,215.3,785.1,
Oct-1974,,,,,,,,,,,686.9,,261.1,996.1,
Sep-1974,,,,,,,,,,,621.1,,220.2,881.6,
Aug-1974,,,,,,,,,,,713.8,,237.2,"1,001.8",
Jul-1974,,,,,,,,,,,720.1,,213.1,979.8,
Jun-1974,,,,,,,,,,,687.2,,159.7,898.5,
May-1974,,,,,,,,,,,745.0,,113.2,916.9,
Apr-1974,,,,,,,,,,,672.4,,80.1,807.8,
Mar-1974,,,,,,,,,,,641.9,,58.9,754.4,
Feb-1974,,,,,,,,,,,601.2,,59.8,708.0,
Jan-1974,,,,,,,,,,,713.1,,97.3,862.8,
Dec-1973,,,,,,,,,,,588.2,,174.6,804.9,
Nov-1973,,,,,,,,,,,641.7,,269.9,958.4,
Oct-1973,,,,,,,,,,,733.5,,272.6,"1,059.8",
Sep-1973,,,,,,,,,,,609.5,,212.3,864.6,
Aug-1973,,,,,,,,,,,703.5,,234.1,977.5,
Jul-1973,,,,,,,,,,,673.6,,185.0,903.2,
Jun-1973,,,,,,,,,,,680.0,,142.9,876.8,
May-1973,,,,,,,,,,,712.1,,84.2,847.5,
Apr-1973,,,,,,,,,,,594.4,,55.8,701.2,
Mar-1973,,,,,,,,,,,621.4,,45.3,716.6,
Feb-1973,,,,,,,,,,,566.2,,41.6,657.6,
Jan-1973,,,,,,,,,,,662.1,,69.7,781.2,
Dec-1972,,,,,,,,,,,582.2,,152.7,777.3,
Nov-1972,,,,,,,,,,,618.1,,261.3,930.0,
Oct-1972,,,,,,,,,,,694.8,,282.7,"1,028.4",
Sep-1972,,,,,,,,,,,636.1,,241.7,921.3,
Aug-1972,,,,,,,,,,,738.6,,254.6,"1,041.8",
Jul-1972,,,,,,,,,,,636.6,,186.9,862.3,
Jun-1972,,,,,,,,,,,713.1,,149.0,913.1,
May-1972,,,,,,,,,,,715.4,,74.6,837.6,
Apr-1972,,,,,,,,,,,623.7,,44.3,718.2,
Mar-1972,,,,,,,,,,,652.7,,45.8,748.3,
Feb-1972,,,,,,,,,,,596.1,,45.2,691.3,
Jan-1972,,,,,,,,,,,616.1,,57.6,725.1,
Dec-1971,,,,,,,,,,,600.7,,146.1,792.4,
Nov-1971,,,,,,,,,,,576.2,,242.9,868.7,
Oct-1971,,,,,,,,,,,624.5,,256.0,928.8,
Sep-1971,,,,,,,,,,,630.9,,235.8,919.4,
Aug-1971,,,,,,,,,,,673.7,,221.2,938.2,
Jul-1971,,,,,,,,,,,619.4,,177.1,839.6,
Jun-1971,,,,,,,,,,,654.3,,127.7,834.4,
May-1971,,,,,,,,,,,592.1,,63.1,699.5,
Apr-1971,,,,,,,,,,,599.4,,47.7,698.3,
Mar-1971,,,,,,,,,,,616.5,,42.7,711.4,
Feb-1971,,,,,,,,,,,530.3,,31.5,609.1,
Jan-1971,,,,,,,,,,,563.1,,49.9,662.1,
Dec-1970,,,,,,,,,,,561.5,,149.2,761.8,
Nov-1970,,,,,,,,,,,512.9,,244.9,804.7,
Oct-1970,,,,,,,,,,,633.4,,276.9,963.9,
Sep-1970,,,,,,,,,,,613.5,,244.6,906.4,
Aug-1970,,,,,,,,,,,611.5,,212.0,871.4,
Jul-1970,,,,,,,,,,,657.0,,172.1,874.0,
Jun-1970,,,,,,,,,,,666.1,,109.5,827.2,
May-1970,,,,,,,,,,,601.4,,44.9,694.6,
Apr-1970,,,,,,,,,,,628.0,,27.6,706.8,
Mar-1970,,,,,,,,,,,573.1,,22.1,643.5,
Feb-1970,,,,,,,,,,,522.9,,22.2,585.0,
Jan-1970,,,,,,,,,,,580.1,,40.5,662.3,
Dec-1969,,,,,,,,,,,553.2,,147.4,740.2,
Nov-1969,,,,,,,,,,,461.3,,229.7,726.9,
Oct-1969,,,,,,,,,,,610.5,,266.5,927.6,
Sep-1969,,,,,,,,,,,578.0,,225.8,848.0,
Aug-1969,,,,,,,,,,,573.8,,185.3,797.4,
Jul-1969,,,,,,,,,,,568.4,,145.5,751.9,
Jun-1969,,,,,,,,,,,573.9,,85.4,703.3,
May-1969,,,,,,,,,,,562.7,,39.0,650.0,
Apr-1969,,,,,,,,,,,533.5,,21.0,599.5,
Mar-1969,,,,,,,,,,,482.6,,23.4,547.9,
Feb-1969,,,,,,,,,,,445.6,,21.3,505.9,
Jan-1969,,,,,,,,,,,540.7,,42.6,628.3,
Dec-1968,,,,,,,,,,,464.0,,162.0,670.0,
Nov-1968,,,,,,,,,,,425.7,,245.6,714.6,
Oct-1968,,,,,,,,,,,572.0,,277.2,898.0,
Sep-1968,,,,,,,,,,,502.8,,221.2,759.8,
Aug-1968,,,,,,,,,,,547.7,,194.0,782.2,
Jul-1968,,,,,,,,,,,550.9,,122.3,712.5,
Jun-1968,,,,,,,,,,,497.1,,69.5,600.3,
May-1968,,,,,,,,,,,532.2,,39.1,616.0,
Apr-1968,,,,,,,,,,,484.9,,25.9,556.2,
Mar-1968,,,,,,,,,,,448.8,,21.8,506.5,
Feb-1968,,,,,,,,,,,429.0,,25.1,494.0,
Jan-1968,,,,,,,,,,,483.9,,51.9,585.1,
Dec-1967,,,,,,,,,,,429.5,,177.3,650.6,
Nov-1967,,,,,,,,,,,449.3,,278.1,778.3,
Oct-1967,,,,,,,,,,,525.5,,286.3,867.4,
Sep-1967,,,,,,,,,,,503.7,,253.3,805.6,
Aug-1967,,,,,,,,,,,573.5,,246.0,865.5,
Jul-1967,,,,,,,,,,,488.1,,153.4,677.7,
Jun-1967,,,,,,,,,,,548.0,,102.4,697.4,
May-1967,,,,,,,,,,,552.0,,46.4,647.4,
Apr-1967,,,,,,,,,,,455.9,,25.2,529.7,
Mar-1967,,,,,,,,,,,472.0,,26.5,545.5,
Feb-1967,,,,,,,,,,,403.6,,24.8,472.3,
Jan-1967,,,,,,,,,,,474.9,,45.3,570.6,
Dec-1966,,,,,,,,,,,472.7,,174.1,692.8,
Nov-1966,,,,,,,,,,,435.3,,274.9,766.1,
Oct-1966,,,,,,,,,,,497.1,,271.9,821.8,
Sep-1966,,,,,,,,,,,515.4,,239.9,799.6,
Aug-1966,,,,,,,,,,,540.4,,196.4,778.3,
Jul-1966,,,,,,,,,,,465.2,,114.5,618.1,
Jun-1966,,,,,,,,,,,514.3,,79.5,636.3,
May-1966,,,,,,,,,,,469.7,,35.7,548.2,
Apr-1966,,,,,,,,,,,449.6,,20.5,509.5,
Mar-1966,,,,,,,,,,,439.4,,17.0,491.2,
Feb-1966,,,,,,,,,,,397.8,,18.1,453.3,
Jan-1966,,,,,,,,,,,407.0,,35.5,480.7,
Dec-1965,,,,,,,,,,,421.4,,152.5,620.0,
Nov-1965,,,,,,,,,,,398.9,,275.1,723.7,
Oct-1965,,,,,,,,,,,456.9,,262.1,768.2,
Sep-1965,,,,,,,,,,,469.8,,224.4,740.0,
Aug-1965,,,,,,,,,,,483.2,,163.6,684.0,
Jul-1965,,,,,,,,,,,467.3,,95.7,597.2,
Jun-1965,,,,,,,,,,,486.8,,54.7,576.3,
May-1965,,,,,,,,,,,433.1,,27.0,492.9,
Apr-1965,,,,,,,,,,,420.3,,15.6,470.4,
Mar-1965,,,,,,,,,,,407.7,,14.5,458.4,
Feb-1965,,,,,,,,,,,353.0,,13.7,400.7,
Jan-1965,,,,,,,,,,,396.0,,31.2,469.9,
Dec-1964,,,,,,,,,,,376.3,,143.0,568.8,
Nov-1964,,,,,,,,,,,339.3,,250.6,639.7,
Oct-1964,,,,,,,,,,,413.2,,258.3,731.2,
Sep-1964,,,,,,,,,,,419.9,,208.3,674.1,
Aug-1964,,,,,,,,,,,432.8,,145.6,616.7,
Jul-1964,,,,,,,,,,,436.0,,86.6,557.7,
Jun-1964,,,,,,,,,,,454.5,,52.6,544.9,
May-1964,,,,,,,,,,,423.0,,29.9,489.1,
Apr-1964,,,,,,,,,,,406.6,,18.0,462.0,
Mar-1964,,,,,,,,,,,371.2,,15.6,419.7,
Feb-1964,,,,,,,,,,,345.6,,12.5,385.5,
Jan-1964,,,,,,,,,,,391.8,,32.1,464.0,
Dec-1963,,,,,,,,,,,371.2,,142.1,561.7,
Nov-1963,,,,,,,,,,,326.3,,217.4,597.9,
Oct-1963,,,,,,,,,,,409.3,,251.8,718.6,
Sep-1963,,,,,,,,,,,390.4,,193.7,628.3,
Aug-1963,,,,,,,,,,,431.2,,137.7,610.2,
Jul-1963,,,,,,,,,,,444.2,,74.8,554.3,
Jun-1963,,,,,,,,,,,414.0,,42.0,489.2,
May-1963,,,,,,,,,,,417.2,,30.9,486.3,
Apr-1963,,,,,,,,,,,379.4,,16.7,428.3,
Mar-1963,,,,,,,,,,,343.5,,12.4,381.1,
Feb-1963,,,,,,,,,,,303.1,,13.2,341.5,
Jan-1963,,,,,,,,,,,377.5,,31.0,443.0,
Dec-1962,,,,,,,,,,,322.9,,128.0,492.1,
Nov-1962,,,,,,,,,,,342.3,,231.2,626.6,
Oct-1962,,,,,,,,,,,408.6,,237.2,705.4,
Sep-1962,,,,,,,,,,,343.5,,163.2,549.2,
Aug-1962,,,,,,,,,,,415.7,,121.5,574.6,
Jul-1962,,,,,,,,,,,397.0,,59.2,488.3,
Jun-1962,,,,,,,,,,,421.4,,44.5,499.0,
May-1962,,,,,,,,,,,427.8,,32.5,494.6,
Apr-1962,,,,,,,,,,,362.3,,19.2,411.3,
Mar-1962,,,,,,,,,,,339.5,,13.8,380.6,
Feb-1962,,,,,,,,,,,275.8,,12.6,308.4,
Jan-1962,,,,,,,,,,,304.0,,33.9,375.3,
Dec-1961,,,,,,,,,,,275.8,,138.0,452.8,
Nov-1961,,,,,,,,,,,306.0,,249.4,604.1,
Oct-1961,,,,,,,,,,,385.2,,248.3,688.8,
Sep-1961,,,,,,,,,,,373.0,,179.4,608.9,
Aug-1961,,,,,,,,,,,427.5,,143.6,615.1,
Jul-1961,,,,,,,,,,,412.4,,82.0,523.2,
Jun-1961,,,,,,,,,,,442.4,,72.8,548.4,
May-1961,,,,,,,,,,,421.3,,44.8,500.2,
Apr-1961,,,,,,,,,,,357.9,,22.4,407.4,
Mar-1961,,,,,,,,,,,331.7,,24.3,379.1,
Feb-1961,,,,,,,,,,,255.8,,16.1,293.3,
Jan-1961,,,,,,,,,,,297.8,,34.9,366.8,
Dec-1960,,,,,,,,,,,280.8,,125.1,445.5,
Nov-1960,,,,,,,,,,,285.9,,181.3,517.5,
Oct-1960,,,,,,,,,,,324.6,,192.3,572.1,
Sep-1960,,,,,,,,,,,341.4,,149.6,541.2,
Aug-1960,,,,,,,,,,,379.3,,109.5,530.2,
Jul-1960,,,,,,,,,,,323.6,,51.9,407.3,
Jun-1960,,,,,,,,,,,339.8,,46.0,414.2,
May-1960,,,,,,,,,,,331.7,,27.1,382.6,
Apr-1960,,,,,,,,,,,301.6,,16.2,335.4,
Mar-1960,,,,,,,,,,,283.6,,13.4,321.2,
Feb-1960,,,,,,,,,,,250.9,,14.0,293.6,
Jan-1960,,,,,,,,,,,255.9,,22.1,306.6,
,,,,,,,,,,,,,,,
"1/ Excludes slaughter on farms.
2/ Production in Federally inspected and other plants.
3/ Based on packers' dressed weights.
4/ Totals may not add due to rounding.",,,,,,,,,,,,,,,
"5/ Ready-to-cook.
6/ Includes geese, guineas, ostriches, emus, rheas, squab, and other poultry.
Source: USDA, National Agricultural Statistics Service, ""Livestock Slaughter"" and ""Poultry Slaughter.""",,,,,,,,,,,,,,,
,,,,,,,,,,,,,,,
Date run: 11/26/2019 10:13:54 AM,,,,,,,,,,,,,,,